frame,grid_row,grid_col,intensity
1,0,0,0.0025867840740829706
1,0,1,0.07168320566415787
1,0,2,0.13300223648548126
1,0,3,0.13291151821613312
1,0,4,0.14075975120067596
1,0,5,0.07645928114652634
1,0,6,0.0
1,0,7,0.0
1,0,8,0.0
1,0,9,0.0
1,0,10,0.0
1,0,11,0.0
1,0,12,0.07119175791740417
1,0,13,0.12310702353715897
1,0,14,0.15812978148460388
1,0,15,0.1422380805015564
1,0,16,0.13233526051044464
1,0,17,0.028637532144784927
1,0,18,0.0
1,0,19,0.0
1,0,20,0.0
1,0,21,0.0
1,0,22,0.0
1,0,23,0.00978653971105814
1,1,0,0.1208285316824913
1,1,1,0.12519077956676483
1,1,2,0.13970623910427094
1,1,3,0.10689306259155273
1,1,4,0.07329127937555313
1,1,5,0.0043660299852490425
1,1,6,0.0
1,1,7,0.0
1,1,8,0.0
1,1,9,0.0
1,1,10,0.0
1,1,11,0.07302913069725037
1,1,12,0.12175912410020828
1,1,13,0.17951656877994537
1,1,14,0.17262035608291626
1,1,15,0.1271200180053711
1,1,16,0.06342905759811401
1,1,17,0.0
1,1,18,0.0
1,1,19,0.0
1,1,20,0.0
1,1,21,0.0
1,1,22,0.0
1,1,23,0.07380767166614532
1,2,0,0.12388062477111816
1,2,1,0.13712027668952942
1,2,2,0.1175888180732727
1,2,3,0.09079037606716156
1,2,4,0.0
1,2,5,0.0
1,2,6,0.0
1,2,7,0.0
1,2,8,0.0
1,2,9,0.0
1,2,10,0.08623252809047699
1,2,11,0.16489160060882568
1,2,12,0.18609236180782318
1,2,13,0.1829574704170227
1,2,14,0.16438919305801392
1,2,15,0.06759561598300934
1,2,16,0.0
1,2,17,0.0
1,2,18,0.0
1,2,19,0.0
1,2,20,0.0
1,2,21,0.02508210949599743
1,2,22,0.07641799747943878
1,2,23,0.1404639333486557
1,3,0,0.1623416244983673
1,3,1,0.11678048968315125
1,3,2,0.06982672959566116
1,3,3,0.0
1,3,4,0.0
1,3,5,0.0
1,3,6,0.0
1,3,7,0.0
1,3,8,0.0
1,3,9,0.08111966401338577
1,3,10,0.17300352454185486
1,3,11,0.2229566127061844
1,3,12,0.2334105670452118
1,3,13,0.17940294742584229
1,3,14,0.10156836360692978
1,3,15,0.0255788192152977
1,3,16,0.0
1,3,17,0.0
1,3,18,0.0
1,3,19,0.0
1,3,20,0.03693884611129761
1,3,21,0.0790439173579216
1,3,22,0.13759572803974152
1,3,23,0.18264174461364746
1,4,0,0.11570744961500168
1,4,1,0.07518568634986877
1,4,2,0.0
1,4,3,0.0
1,4,4,0.0
1,4,5,0.0
1,4,6,0.0
1,4,7,0.0
1,4,8,0.09476383775472641
1,4,9,0.17903105914592743
1,4,10,0.22101475298404694
1,4,11,0.21989688277244568
1,4,12,0.22214828431606293
1,4,13,0.14859290421009064
1,4,14,0.08829165995121002
1,4,15,0.017007585614919662
1,4,16,0.00907947402447462
1,4,17,0.0
1,4,18,0.0
1,4,19,0.06907540559768677
1,4,20,0.12865445017814636
1,4,21,0.19111698865890503
1,4,22,0.1855175942182541
1,4,23,0.14089572429656982
1,5,0,0.08945773541927338
1,5,1,0.0
1,5,2,0.0
1,5,3,0.0
1,5,4,0.0
1,5,5,0.0
1,5,6,0.000436039554188028
1,5,7,0.08139307051897049
1,5,8,0.14871986210346222
1,5,9,0.2236718237400055
1,5,10,0.2768542170524597
1,5,11,0.2728840410709381
1,5,12,0.24970479309558868
1,5,13,0.20696353912353516
1,5,14,0.10116032510995865
1,5,15,0.03954356536269188
1,5,16,0.014500479213893414
1,5,17,0.0901288092136383
1,5,18,0.11432595551013947
1,5,19,0.16801151633262634
1,5,20,0.19051964581012726
1,5,21,0.19302883744239807
1,5,22,0.17265544831752777
1,5,23,0.07974538952112198
1,6,0,0.0
1,6,1,0.0
1,6,2,0.0
1,6,3,0.0
1,6,4,0.0
1,6,5,0.018098099157214165
1,6,6,0.0828464925289154
1,6,7,0.19325858354568481
1,6,8,0.23349100351333618
1,6,9,0.2546009123325348
1,6,10,0.2576231062412262
1,6,11,0.23361055552959442
1,6,12,0.2498256117105484
1,6,13,0.15497997403144836
1,6,14,0.17090345919132233
1,6,15,0.14347082376480103
1,6,16,0.20909085869789124
1,6,17,0.23715728521347046
1,6,18,0.2589567303657532
1,6,19,0.27110543847084045
1,6,20,0.23467524349689484
1,6,21,0.19661062955856323
1,6,22,0.09126093238592148
1,6,23,0.0
1,7,0,0.0
1,7,1,0.0
1,7,2,0.0
1,7,3,0.0
1,7,4,0.0
1,7,5,0.07691068202257156
1,7,6,0.18839585781097412
1,7,7,0.235946387052536
1,7,8,0.26102086901664734
1,7,9,0.29810070991516113
1,7,10,0.27028319239616394
1,7,11,0.2723764479160309
1,7,12,0.23460179567337036
1,7,13,0.21500246226787567
1,7,14,0.24161043763160706
1,7,15,0.3452278673648834
1,7,16,0.3897835910320282
1,7,17,0.37810948491096497
1,7,18,0.3693036735057831
1,7,19,0.3625437319278717
1,7,20,0.23029905557632446
1,7,21,0.12810438871383667
1,7,22,0.046189360320568085
1,7,23,0.0
1,8,0,0.0
1,8,1,0.0
1,8,2,0.0
1,8,3,0.0
1,8,4,0.06319799274206161
1,8,5,0.16068658232688904
1,8,6,0.17128941416740417
1,8,7,0.24561911821365356
1,8,8,0.23674403131008148
1,8,9,0.2213701754808426
1,8,10,0.22252635657787323
1,8,11,0.24535739421844482
1,8,12,0.3079509437084198
1,8,13,0.32388776540756226
1,8,14,0.422446608543396
1,8,15,0.47516360878944397
1,8,16,0.5129386186599731
1,8,17,0.5307322144508362
1,8,18,0.4633709490299225
1,8,19,0.3775387406349182
1,8,20,0.21809373795986176
1,8,21,0.07282760739326477
1,8,22,0.0
1,8,23,0.0
1,9,0,0.0
1,9,1,0.0
1,9,2,0.0
1,9,3,0.05758269131183624
1,9,4,0.18437644839286804
1,9,5,0.22894321382045746
1,9,6,0.2006053775548935
1,9,7,0.2117055505514145
1,9,8,0.17658235132694244
1,9,9,0.19128632545471191
1,9,10,0.23357196152210236
1,9,11,0.3114590644836426
1,9,12,0.36470454931259155
1,9,13,0.4731467068195343
1,9,14,0.5400891304016113
1,9,15,0.640308141708374
1,9,16,0.6270532011985779
1,9,17,0.5794473886489868
1,9,18,0.45844030380249023
1,9,19,0.3241465091705322
1,9,20,0.13273775577545166
1,9,21,0.0010224214056506753
1,9,22,0.0
1,9,23,0.0
1,10,0,0.0
1,10,1,0.0
1,10,2,0.10520506650209427
1,10,3,0.09993653744459152
1,10,4,0.1662207543849945
1,10,5,0.19695183634757996
1,10,6,0.2128303498029709
1,10,7,0.13516005873680115
1,10,8,0.1384018361568451
1,10,9,0.18087033927440643
1,10,10,0.24213068187236786
1,10,11,0.33786165714263916
1,10,12,0.48061102628707886
1,10,13,0.5903439521789551
1,10,14,0.7116787433624268
1,10,15,0.7472921013832092
1,10,16,0.7184206247329712
1,10,17,0.593722939491272
1,10,18,0.45624834299087524
1,10,19,0.2914339005947113
1,10,20,0.11467914283275604
1,10,21,0.002617474878206849
1,10,22,0.0
1,10,23,0.0
1,11,0,0.0
1,11,1,0.04989023506641388
1,11,2,0.11449998617172241
1,11,3,0.2028539925813675
1,11,4,0.20027905702590942
1,11,5,0.1525302231311798
1,11,6,0.09110218286514282
1,11,7,0.05623629689216614
1,11,8,0.1100417822599411
1,11,9,0.15154960751533508
1,11,10,0.2702528238296509
1,11,11,0.3791639804840088
1,11,12,0.5955184698104858
1,11,13,0.7222007513046265
1,11,14,0.7673913836479187
1,11,15,0.77703458070755
1,11,16,0.7077727317810059
1,11,17,0.5566235184669495
1,11,18,0.3716474771499634
1,11,19,0.20305228233337402
1,11,20,0.06564074009656906
1,11,21,0.0
1,11,22,0.00753397960215807
1,11,23,0.0
1,12,0,0.03700149059295654
1,12,1,0.11613854020833969
1,12,2,0.15936464071273804
1,12,3,0.14753547310829163
1,12,4,0.08604215830564499
1,12,5,0.07538365572690964
1,12,6,0.05772402137517929
1,12,7,0.0
1,12,8,0.06910015642642975
1,12,9,0.14585663378238678
1,12,10,0.3009151816368103
1,12,11,0.45375388860702515
1,12,12,0.6280691623687744
1,12,13,0.7721768021583557
1,12,14,0.7947971224784851
1,12,15,0.7717675566673279
1,12,16,0.6430081129074097
1,12,17,0.46685585379600525
1,12,18,0.32423532009124756
1,12,19,0.15675683319568634
1,12,20,0.07431241124868393
1,12,21,0.020290132611989975
1,12,22,0.04552723467350006
1,12,23,0.07605613023042679
1,13,0,0.13056671619415283
1,13,1,0.12599892914295197
1,13,2,0.1629493087530136
1,13,3,0.10320258885622025
1,13,4,0.06787001341581345
1,13,5,0.0
1,13,6,0.0
1,13,7,0.0
1,13,8,0.017903633415699005
1,13,9,0.1794743835926056
1,13,10,0.32089629769325256
1,13,11,0.49773234128952026
1,13,12,0.6678643822669983
1,13,13,0.7177479863166809
1,13,14,0.6824865937232971
1,13,15,0.5962666869163513
1,13,16,0.4872959554195404
1,13,17,0.314506471157074
1,13,18,0.19314450025558472
1,13,19,0.12148626893758774
1,13,20,0.09885399788618088
1,13,21,0.09477755427360535
1,13,22,0.07134754955768585
1,13,23,0.16058951616287231
1,14,0,0.14928101003170013
1,14,1,0.15191522240638733
1,14,2,0.13205882906913757
1,14,3,0.0
1,14,4,0.0
1,14,5,0.0
1,14,6,0.0
1,14,7,0.0
1,14,8,0.08466213196516037
1,14,9,0.23698978126049042
1,14,10,0.35936403274536133
1,14,11,0.5152933597564697
1,14,12,0.6000416278839111
1,14,13,0.5995049476623535
1,14,14,0.5525454878807068
1,14,15,0.45850321650505066
1,14,16,0.3193100392818451
1,14,17,0.22438658773899078
1,14,18,0.14596837759017944
1,14,19,0.12095614522695541
1,14,20,0.1371799260377884
1,14,21,0.12396680563688278
1,14,22,0.17235895991325378
1,14,23,0.2146577537059784
1,15,0,0.12724795937538147
1,15,1,0.08005305379629135
1,15,2,0.02851998619735241
1,15,3,0.0
1,15,4,0.0
1,15,5,0.0
1,15,6,0.0
1,15,7,0.020967332646250725
1,15,8,0.13501466810703278
1,15,9,0.3001774251461029
1,15,10,0.36287710070610046
1,15,11,0.4016501307487488
1,15,12,0.4971467852592468
1,15,13,0.42767566442489624
1,15,14,0.37141260504722595
1,15,15,0.30957087874412537
1,15,16,0.17090287804603577
1,15,17,0.12244284898042679
1,15,18,0.09457056224346161
1,15,19,0.12161432206630707
1,15,20,0.17512691020965576
1,15,21,0.20367246866226196
1,15,22,0.20446845889091492
1,15,23,0.14355425536632538
1,16,0,0.04904614016413689
1,16,1,0.022887226194143295
1,16,2,0.0
1,16,3,0.0
1,16,4,0.0
1,16,5,0.0
1,16,6,0.0
1,16,7,0.06609126180410385
1,16,8,0.18142114579677582
1,16,9,0.25075945258140564
1,16,10,0.3212798833847046
1,16,11,0.34537583589553833
1,16,12,0.33287277817726135
1,16,13,0.25429850816726685
1,16,14,0.20780952274799347
1,16,15,0.13667204976081848
1,16,16,0.10881585627794266
1,16,17,0.12755970656871796
1,16,18,0.09670773148536682
1,16,19,0.14791880548000336
1,16,20,0.17431215941905975
1,16,21,0.16281761229038239
1,16,22,0.16680596768856049
1,16,23,0.13248823583126068
1,17,0,0.015138905495405197
1,17,1,0.0
1,17,2,0.0
1,17,3,0.0
1,17,4,0.0
1,17,5,0.0
1,17,6,0.028742877766489983
1,17,7,0.1044628694653511
1,17,8,0.18664203584194183
1,17,9,0.2126760333776474
1,17,10,0.22806000709533691
1,17,11,0.20660316944122314
1,17,12,0.17624928057193756
1,17,13,0.13857409358024597
1,17,14,0.036488402634859085
1,17,15,0.06032916530966759
1,17,16,0.05110010504722595
1,17,17,0.12422371655702591
1,17,18,0.16240309178829193
1,17,19,0.16684581339359283
1,17,20,0.23179470002651215
1,17,21,0.17330053448677063
1,17,22,0.11144621670246124
1,17,23,0.015096458606421947
1,18,0,0.0
1,18,1,0.0
1,18,2,0.0
1,18,3,0.0
1,18,4,0.0
1,18,5,0.03678096458315849
1,18,6,0.08884824812412262
1,18,7,0.13222551345825195
1,18,8,0.2141534686088562
1,18,9,0.1770976185798645
1,18,10,0.16347065567970276
1,18,11,0.08895430713891983
1,18,12,0.021993335336446762
1,18,13,0.0
1,18,14,0.027861423790454865
1,18,15,0.06356550753116608
1,18,16,0.08081411570310593
1,18,17,0.14617496728897095
1,18,18,0.21341295540332794
1,18,19,0.19192521274089813
1,18,20,0.19183218479156494
1,18,21,0.12324637174606323
1,18,22,0.04483984410762787
1,18,23,0.0
1,19,0,0.0
1,19,1,0.0
1,19,2,0.0
1,19,3,0.0
1,19,4,0.0
1,19,5,0.12311014533042908
1,19,6,0.16631770133972168
1,19,7,0.14812785387039185
1,19,8,0.15625779330730438
1,19,9,0.08955100923776627
1,19,10,0.024366796016693115
1,19,11,0.0
1,19,12,0.0
1,19,13,0.0
1,19,14,0.0
1,19,15,0.01831473596394062
1,19,16,0.11493110656738281
1,19,17,0.22512927651405334
1,19,18,0.20232662558555603
1,19,19,0.20842806994915009
1,19,20,0.12366894632577896
1,19,21,0.05008263885974884
1,19,22,0.0
1,19,23,0.0
1,20,0,0.0
1,20,1,0.0
1,20,2,0.0
1,20,3,0.01436564140021801
1,20,4,0.10169278085231781
1,20,5,0.14425456523895264
1,20,6,0.15033626556396484
1,20,7,0.141937717795372
1,20,8,0.0691603347659111
1,20,9,0.02036316692829132
1,20,10,0.0
1,20,11,0.0
1,20,12,0.0
1,20,13,0.0
1,20,14,0.03577585145831108
1,20,15,0.10587900876998901
1,20,16,0.13849975168704987
1,20,17,0.15379981696605682
1,20,18,0.11173272132873535
1,20,19,0.10615698248147964
1,20,20,0.08464974910020828
1,20,21,0.0
1,20,22,0.0
1,20,23,0.0
1,21,0,0.0
1,21,1,0.0
1,21,2,0.0022675329819321632
1,21,3,0.07679141312837601
1,21,4,0.1501186490058899
1,21,5,0.158587247133255
1,21,6,0.1394146829843521
1,21,7,0.05162730813026428
1,21,8,0.006040151230990887
1,21,9,0.0
1,21,10,0.0
1,21,11,0.0
1,21,12,0.0
1,21,13,0.0
1,21,14,0.09530025720596313
1,21,15,0.1267300397157669
1,21,16,0.19960130751132965
1,21,17,0.1641772836446762
1,21,18,0.11604606360197067
1,21,19,0.06393803656101227
1,21,20,0.0
1,21,21,0.0
1,21,22,0.0
1,21,23,0.0
1,22,0,0.0
1,22,1,0.012814030982553959
1,22,2,0.06730474531650543
1,22,3,0.15643437206745148
1,22,4,0.10233941674232483
1,22,5,0.10786253213882446
1,22,6,0.027827301993966103
1,22,7,0.0
1,22,8,0.0
1,22,9,0.0
1,22,10,0.0
1,22,11,0.0
1,22,12,0.0
1,22,13,0.033576834946870804
1,22,14,0.13748449087142944
1,22,15,0.1734282523393631
1,22,16,0.1611635535955429
1,22,17,0.116158626973629
1,22,18,0.0346716083586216
1,22,19,0.0
1,22,20,0.0
1,22,21,0.0
1,22,22,0.0
1,22,23,0.0
1,23,0,0.0
1,23,1,0.06019275635480881
1,23,2,0.13183781504631042
1,23,3,0.1564784198999405
1,23,4,0.12384483963251114
1,23,5,0.044954217970371246
1,23,6,0.0
1,23,7,0.0
1,23,8,0.0
1,23,9,0.0
1,23,10,0.0
1,23,11,0.0
1,23,12,0.01731417514383793
1,23,13,0.11465882509946823
1,23,14,0.15871016681194305
1,23,15,0.12975478172302246
1,23,16,0.10429728776216507
1,23,17,0.0
1,23,18,0.0
1,23,19,0.0
1,23,20,0.0
1,23,21,0.0
1,23,22,0.0
1,23,23,0.0
2,0,0,0.1001986563205719
2,0,1,0.12431296706199646
2,0,2,0.1573079526424408
2,0,3,0.13863299787044525
2,0,4,0.002174769528210163
2,0,5,0.0
2,0,6,0.0
2,0,7,0.0
2,0,8,0.0
2,0,9,0.0
2,0,10,0.035905882716178894
2,0,11,0.04660031571984291
2,0,12,0.1127668097615242
2,0,13,0.15039314329624176
2,0,14,0.12486504018306732
2,0,15,0.09084682911634445
2,0,16,0.0
2,0,17,0.0
2,0,18,0.0
2,0,19,0.0
2,0,20,0.0
2,0,21,0.0
2,0,22,0.024953819811344147
2,0,23,0.11824112385511398
2,1,0,0.1610100418329239
2,1,1,0.1519748717546463
2,1,2,0.06496531516313553
2,1,3,0.0364605188369751
2,1,4,0.0
2,1,5,0.0
2,1,6,0.0
2,1,7,0.0
2,1,8,0.0
2,1,9,0.0
2,1,10,0.09700518101453781
2,1,11,0.14783331751823425
2,1,12,0.15292802453041077
2,1,13,0.17237600684165955
2,1,14,0.07533006370067596
2,1,15,0.0056694247759878635
2,1,16,0.0
2,1,17,0.0
2,1,18,0.0
2,1,19,0.0
2,1,20,0.0
2,1,21,0.06932034343481064
2,1,22,0.08960198611021042
2,1,23,0.10018737614154816
2,2,0,0.17522138357162476
2,2,1,0.14964449405670166
2,2,2,0.017562950029969215
2,2,3,0.0
2,2,4,0.0
2,2,5,0.0
2,2,6,0.0
2,2,7,0.0
2,2,8,0.014568837359547615
2,2,9,0.09622877836227417
2,2,10,0.11817578971385956
2,2,11,0.18692347407341003
2,2,12,0.1952286809682846
2,2,13,0.10155276954174042
2,2,14,0.01497962698340416
2,2,15,0.0
2,2,16,0.0
2,2,17,0.0
2,2,18,0.0
2,2,19,0.0
2,2,20,0.08989718556404114
2,2,21,0.11489890515804291
2,2,22,0.18726450204849243
2,2,23,0.12598654627799988
2,3,0,0.11038029938936234
2,3,1,0.03201109543442726
2,3,2,0.0
2,3,3,0.0
2,3,4,0.0
2,3,5,0.0
2,3,6,0.0
2,3,7,0.003416298422962427
2,3,8,0.06975763291120529
2,3,9,0.14546702802181244
2,3,10,0.17883123457431793
2,3,11,0.13194330036640167
2,3,12,0.08283199369907379
2,3,13,0.05374649539589882
2,3,14,0.0
2,3,15,0.0
2,3,16,0.0
2,3,17,0.0
2,3,18,0.0
2,3,19,0.05001567676663399
2,3,20,0.15352879464626312
2,3,21,0.17445313930511475
2,3,22,0.20504195988178253
2,3,23,0.11596454679965973
2,4,0,0.03333099186420441
2,4,1,0.0
2,4,2,0.0
2,4,3,0.0
2,4,4,0.0
2,4,5,0.0
2,4,6,0.0
2,4,7,0.07865708321332932
2,4,8,0.17023326456546783
2,4,9,0.21559832990169525
2,4,10,0.1668519824743271
2,4,11,0.12322194129228592
2,4,12,0.07495512813329697
2,4,13,0.002909222152084112
2,4,14,0.0
2,4,15,0.0
2,4,16,0.0
2,4,17,0.037686821073293686
2,4,18,0.07344403117895126
2,4,19,0.15443363785743713
2,4,20,0.17835836112499237
2,4,21,0.17494332790374756
2,4,22,0.14472109079360962
2,4,23,0.03545951843261719
2,5,0,0.0
2,5,1,0.0
2,5,2,0.0
2,5,3,0.0
2,5,4,0.0
2,5,5,0.013377336785197258
2,5,6,0.08245311677455902
2,5,7,0.16659042239189148
2,5,8,0.1864403784275055
2,5,9,0.194997638463974
2,5,10,0.12239932268857956
2,5,11,0.08905304223299026
2,5,12,0.03577977418899536
2,5,13,0.0
2,5,14,0.0
2,5,15,0.07460411638021469
2,5,16,0.1162458211183548
2,5,17,0.1685532182455063
2,5,18,0.23527413606643677
2,5,19,0.27346697449684143
2,5,20,0.1765405535697937
2,5,21,0.12461306154727936
2,5,22,0.04416085407137871
2,5,23,0.0
2,6,0,0.0
2,6,1,0.0
2,6,2,0.0
2,6,3,0.0
2,6,4,0.009338818490505219
2,6,5,0.08537738770246506
2,6,6,0.1612349897623062
2,6,7,0.17957215011119843
2,6,8,0.18470516800880432
2,6,9,0.14864766597747803
2,6,10,0.11505591869354248
2,6,11,0.07823067903518677
2,6,12,0.018729010596871376
2,6,13,0.03069075010716915
2,6,14,0.15281565487384796
2,6,15,0.23227179050445557
2,6,16,0.26125481724739075
2,6,17,0.29289722442626953
2,6,18,0.3391176760196686
2,6,19,0.31509852409362793
2,6,20,0.25011008977890015
2,6,21,0.11750032752752304
2,6,22,0.0
2,6,23,0.0
2,7,0,0.0
2,7,1,0.0
2,7,2,0.0
2,7,3,0.03949684277176857
2,7,4,0.11676110327243805
2,7,5,0.16812488436698914
2,7,6,0.1582297682762146
2,7,7,0.18831034004688263
2,7,8,0.15081548690795898
2,7,9,0.10458377003669739
2,7,10,0.09171227365732193
2,7,11,0.08243130147457123
2,7,12,0.1282355934381485
2,7,13,0.20586004853248596
2,7,14,0.2982863187789917
2,7,15,0.34772953391075134
2,7,16,0.44501760601997375
2,7,17,0.4415750503540039
2,7,18,0.37963443994522095
2,7,19,0.342556893825531
2,7,20,0.21843135356903076
2,7,21,0.08408521115779877
2,7,22,0.0
2,7,23,0.0
2,8,0,0.0
2,8,1,0.0
2,8,2,0.0
2,8,3,0.08614210039377213
2,8,4,0.1416568011045456
2,8,5,0.14270955324172974
2,8,6,0.15879075229167938
2,8,7,0.12171666324138641
2,8,8,0.11528149247169495
2,8,9,0.07011778652667999
2,8,10,0.06308712065219879
2,8,11,0.12632854282855988
2,8,12,0.22387029230594635
2,8,13,0.34439265727996826
2,8,14,0.44714251160621643
2,8,15,0.5505210161209106
2,8,16,0.5646445155143738
2,8,17,0.5128031373023987
2,8,18,0.4461410641670227
2,8,19,0.3038654923439026
2,8,20,0.11293741315603256
2,8,21,0.02199615351855755
2,8,22,0.0
2,8,23,0.0
2,9,0,0.0
2,9,1,0.0
2,9,2,0.059181343764066696
2,9,3,0.1147330105304718
2,9,4,0.16851715743541718
2,9,5,0.15577386319637299
2,9,6,0.13169102370738983
2,9,7,0.07776661962270737
2,9,8,0.021031443029642105
2,9,9,0.008084758184850216
2,9,10,0.09019173681735992
2,9,11,0.21630564332008362
2,9,12,0.35634446144104004
2,9,13,0.49949416518211365
2,9,14,0.6342938542366028
2,9,15,0.6759718060493469
2,9,16,0.6542507410049438
2,9,17,0.5815660953521729
2,9,18,0.42477139830589294
2,9,19,0.2765405476093292
2,9,20,0.13190549612045288
2,9,21,0.0018386621959507465
2,9,22,0.0
2,9,23,0.018326396122574806
2,10,0,0.0
2,10,1,0.032421477138996124
2,10,2,0.09642042964696884
2,10,3,0.1569080352783203
2,10,4,0.13932187855243683
2,10,5,0.08787000179290771
2,10,6,0.05600954219698906
2,10,7,0.0
2,10,8,0.0
2,10,9,0.07895193994045258
2,10,10,0.1414085030555725
2,10,11,0.315436989068985
2,10,12,0.48039260506629944
2,10,13,0.6272042989730835
2,10,14,0.7322271466255188
2,10,15,0.7839735150337219
2,10,16,0.7291052341461182
2,10,17,0.5591748356819153
2,10,18,0.4447786509990692
2,10,19,0.2514924705028534
2,10,20,0.16466020047664642
2,10,21,0.05972270667552948
2,10,22,0.051092661917209625
2,10,23,0.08361795544624329
2,11,0,0.13762004673480988
2,11,1,0.14909213781356812
2,11,2,0.13886186480522156
2,11,3,0.15163147449493408
2,11,4,0.07131271809339523
2,11,5,0.002318106358870864
2,11,6,0.0
2,11,7,0.0
2,11,8,0.0
2,11,9,0.0952935516834259
2,11,10,0.25612473487854004
2,11,11,0.43602892756462097
2,11,12,0.5567312836647034
2,11,13,0.7326278686523438
2,11,14,0.7543441653251648
2,11,15,0.7214274406433105
2,11,16,0.6561395525932312
2,11,17,0.5216832756996155
2,11,18,0.35789692401885986
2,11,19,0.26143455505371094
2,11,20,0.13435840606689453
2,11,21,0.11926852911710739
2,11,22,0.12229730933904648
2,11,23,0.1592317521572113
2,12,0,0.1368522047996521
2,12,1,0.1310705840587616
2,12,2,0.1430041342973709
2,12,3,0.07249917834997177
2,12,4,0.0
2,12,5,0.0
2,12,6,0.0
2,12,7,0.0
2,12,8,0.022596340626478195
2,12,9,0.16190283000469208
2,12,10,0.33446866273880005
2,12,11,0.5165984630584717
2,12,12,0.6123738884925842
2,12,13,0.6924564838409424
2,12,14,0.707025945186615
2,12,15,0.6822338104248047
2,12,16,0.6009901762008667
2,12,17,0.4462454617023468
2,12,18,0.2914944589138031
2,12,19,0.22404873371124268
2,12,20,0.19740505516529083
2,12,21,0.19316652417182922
2,12,22,0.20431017875671387
2,12,23,0.21807140111923218
2,13,0,0.14417071640491486
2,13,1,0.14764802157878876
2,13,2,0.05380075052380562
2,13,3,0.0
2,13,4,0.0
2,13,5,0.0
2,13,6,0.0
2,13,7,0.0
2,13,8,0.08081555366516113
2,13,9,0.26217135787010193
2,13,10,0.36972078680992126
2,13,11,0.5541249513626099
2,13,12,0.5968677997589111
2,13,13,0.6102710366249084
2,13,14,0.6179282069206238
2,13,15,0.5338603258132935
2,13,16,0.45724448561668396
2,13,17,0.3973352015018463
2,13,18,0.3358190655708313
2,13,19,0.2743578851222992
2,13,20,0.2924988269805908
2,13,21,0.29306063055992126
2,13,22,0.2897791862487793
2,13,23,0.24165938794612885
2,14,0,0.1531299501657486
2,14,1,0.027892708778381348
2,14,2,0.0
2,14,3,0.0
2,14,4,0.0
2,14,5,0.0
2,14,6,0.0
2,14,7,0.06297889351844788
2,14,8,0.1457982361316681
2,14,9,0.2858964502811432
2,14,10,0.38412806391716003
2,14,11,0.467702716588974
2,14,12,0.5022155046463013
2,14,13,0.5073550343513489
2,14,14,0.48854881525039673
2,14,15,0.45074862241744995
2,14,16,0.3779160678386688
2,14,17,0.35044407844543457
2,14,18,0.29978224635124207
2,14,19,0.31799742579460144
2,14,20,0.3369213938713074
2,14,21,0.3209458589553833
2,14,22,0.2688460052013397
2,14,23,0.2145957052707672
2,15,0,0.07459652423858643
2,15,1,0.009564037434756756
2,15,2,0.0
2,15,3,0.0
2,15,4,0.0
2,15,5,0.0
2,15,6,0.0
2,15,7,0.02097875438630581
2,15,8,0.1655329465866089
2,15,9,0.29653218388557434
2,15,10,0.3533536493778229
2,15,11,0.3424175977706909
2,15,12,0.34468314051628113
2,15,13,0.36315858364105225
2,15,14,0.3007170855998993
2,15,15,0.3396528959274292
2,15,16,0.2949695885181427
2,15,17,0.31767067313194275
2,15,18,0.3619380295276642
2,15,19,0.34459388256073
2,15,20,0.31282320618629456
2,15,21,0.2905728220939636
2,15,22,0.21949687600135803
2,15,23,0.09616154432296753
2,16,0,0.0
2,16,1,0.0
2,16,2,0.0
2,16,3,0.0
2,16,4,0.0
2,16,5,0.0
2,16,6,0.0664452314376831
2,16,7,0.1637292504310608
2,16,8,0.19860868155956268
2,16,9,0.23210689425468445
2,16,10,0.2764623463153839
2,16,11,0.22442257404327393
2,16,12,0.17528891563415527
2,16,13,0.19248685240745544
2,16,14,0.19354869425296783
2,16,15,0.17834892868995667
2,16,16,0.2562439739704132
2,16,17,0.31349900364875793
2,16,18,0.3406534492969513
2,16,19,0.3516350984573364
2,16,20,0.278615802526474
2,16,21,0.2428629845380783
2,16,22,0.13189391791820526
2,16,23,0.020798124372959137
2,17,0,0.0
2,17,1,0.0
2,17,2,0.0
2,17,3,0.0
2,17,4,0.0
2,17,5,0.05313447117805481
2,17,6,0.14067651331424713
2,17,7,0.18116562068462372
2,17,8,0.19864924252033234
2,17,9,0.19513332843780518
2,17,10,0.13774558901786804
2,17,11,0.08125621825456619
2,17,12,0.06054104492068291
2,17,13,0.08420430123806
2,17,14,0.107449010014534
2,17,15,0.17534564435482025
2,17,16,0.2514418661594391
2,17,17,0.28732529282569885
2,17,18,0.3349500894546509
2,17,19,0.30913403630256653
2,17,20,0.21490423381328583
2,17,21,0.1739637851715088
2,17,22,0.028185373172163963
2,17,23,0.0
2,18,0,0.0
2,18,1,0.0
2,18,2,0.0
2,18,3,0.0
2,18,4,0.03249458968639374
2,18,5,0.12568247318267822
2,18,6,0.16570812463760376
2,18,7,0.17185594141483307
2,18,8,0.14304997026920319
2,18,9,0.09254961460828781
2,18,10,0.0
2,18,11,0.0
2,18,12,0.0
2,18,13,0.016155533492565155
2,18,14,0.08364974707365036
2,18,15,0.18724027276039124
2,18,16,0.26349207758903503
2,18,17,0.2860869765281677
2,18,18,0.26915591955184937
2,18,19,0.23879337310791016
2,18,20,0.13191185891628265
2,18,21,0.03979497775435448
2,18,22,0.0
2,18,23,0.0
2,19,0,0.0
2,19,1,0.0
2,19,2,0.0
2,19,3,0.05614464730024338
2,19,4,0.12242232263088226
2,19,5,0.15240831673145294
2,19,6,0.13618020713329315
2,19,7,0.09587562829256058
2,19,8,0.03801014646887779
2,19,9,0.0
2,19,10,0.0
2,19,11,0.0
2,19,12,0.0
2,19,13,0.010482840240001678
2,19,14,0.10360307991504669
2,19,15,0.2324417531490326
2,19,16,0.20987051725387573
2,19,17,0.2764330804347992
2,19,18,0.21136625111103058
2,19,19,0.13916799426078796
2,19,20,0.03711174428462982
2,19,21,0.0
2,19,22,0.0
2,19,23,0.0
2,20,0,0.0
2,20,1,0.0
2,20,2,0.02294204570353031
2,20,3,0.10555501282215118
2,20,4,0.12573254108428955
2,20,5,0.15486417710781097
2,20,6,0.1325763761997223
2,20,7,0.03266178071498871
2,20,8,0.0
2,20,9,0.0
2,20,10,0.0
2,20,11,0.0
2,20,12,0.0
2,20,13,0.05774667486548424
2,20,14,0.16407182812690735
2,20,15,0.25321149826049805
2,20,16,0.202438086271286
2,20,17,0.2126149833202362
2,20,18,0.11926233023405075
2,20,19,0.021708661690354347
2,20,20,0.0
2,20,21,0.0
2,20,22,0.0
2,20,23,0.0
2,21,0,0.0
2,21,1,0.004717923700809479
2,21,2,0.11930889636278152
2,21,3,0.1405935436487198
2,21,4,0.13186240196228027
2,21,5,0.10032954066991806
2,21,6,0.04426548629999161
2,21,7,0.0
2,21,8,0.0
2,21,9,0.0
2,21,10,0.0
2,21,11,0.0
2,21,12,0.04249904677271843
2,21,13,0.13134275376796722
2,21,14,0.1896422654390335
2,21,15,0.19967511296272278
2,21,16,0.1737319529056549
2,21,17,0.10788732022047043
2,21,18,0.0
2,21,19,0.0
2,21,20,0.0
2,21,21,0.0
2,21,22,0.0
2,21,23,0.0
2,22,0,0.06527870148420334
2,22,1,0.10067275166511536
2,22,2,0.1227845698595047
2,22,3,0.1383713185787201
2,22,4,0.10105248540639877
2,22,5,0.02790449932217598
2,22,6,0.0
2,22,7,0.0
2,22,8,0.0
2,22,9,0.0
2,22,10,0.0
2,22,11,0.006909722462296486
2,22,12,0.07346241176128387
2,22,13,0.1435440480709076
2,22,14,0.1654946655035019
2,22,15,0.13992123305797577
2,22,16,0.1191396489739418
2,22,17,0.0002479148097336292
2,22,18,0.0
2,22,19,0.0
2,22,20,0.0
2,22,21,0.0
2,22,22,0.0
2,22,23,0.06579425930976868
2,23,0,0.10277526825666428
2,23,1,0.17152398824691772
2,23,2,0.14425289630889893
2,23,3,0.0994289368391037
2,23,4,0.023925568908452988
2,23,5,0.0
2,23,6,0.0
2,23,7,0.0
2,23,8,0.0
2,23,9,0.0
2,23,10,0.0
2,23,11,0.09328314661979675
2,23,12,0.1476571261882782
2,23,13,0.15095439553260803
2,23,14,0.1554090827703476
2,23,15,0.09494195878505707
2,23,16,0.0
2,23,17,0.0
2,23,18,0.0
2,23,19,0.0
2,23,20,0.0
2,23,21,0.0
2,23,22,0.03765811398625374
2,23,23,0.13684342801570892
3,0,0,0.10098463296890259
3,0,1,0.0998147651553154
3,0,2,0.045282188802957535
3,0,3,0.0
3,0,4,0.0
3,0,5,0.0
3,0,6,0.0
3,0,7,0.0
3,0,8,0.0
3,0,9,0.06799550354480743
3,0,10,0.09632312506437302
3,0,11,0.14024540781974792
3,0,12,0.12554626166820526
3,0,13,0.06932657212018967
3,0,14,0.03416117653250694
3,0,15,0.0
3,0,16,0.0
3,0,17,0.0
3,0,18,0.0
3,0,19,0.0
3,0,20,0.0011802826775237918
3,0,21,0.08043839782476425
3,0,22,0.10392803698778152
3,0,23,0.16853578388690948
3,1,0,0.1121629849076271
3,1,1,0.08167838305234909
3,1,2,0.0
3,1,3,0.0
3,1,4,0.0
3,1,5,0.0
3,1,6,0.0
3,1,7,0.0
3,1,8,0.06301438063383102
3,1,9,0.12552204728126526
3,1,10,0.1438121497631073
3,1,11,0.16582177579402924
3,1,12,0.14954040944576263
3,1,13,0.0803099051117897
3,1,14,0.0
3,1,15,0.0
3,1,16,0.0
3,1,17,0.0
3,1,18,0.0
3,1,19,0.0
3,1,20,0.08589524775743484
3,1,21,0.13249614834785461
3,1,22,0.14149586856365204
3,1,23,0.11766713857650757
3,2,0,0.05477139353752136
3,2,1,0.0
3,2,2,0.0
3,2,3,0.0
3,2,4,0.0
3,2,5,0.0
3,2,6,0.0
3,2,7,0.018362095579504967
3,2,8,0.05296802520751953
3,2,9,0.12269190698862076
3,2,10,0.11699435114860535
3,2,11,0.06980231404304504
3,2,12,0.023111233487725258
3,2,13,0.0
3,2,14,0.0
3,2,15,0.0
3,2,16,0.0
3,2,17,0.0
3,2,18,0.0
3,2,19,0.1000734493136406
3,2,20,0.15923601388931274
3,2,21,0.15088093280792236
3,2,22,0.1481218934059143
3,2,23,0.08614727109670639
3,3,0,0.0
3,3,1,0.0
3,3,2,0.0
3,3,3,0.0
3,3,4,0.0
3,3,5,0.0
3,3,6,0.03316853195428848
3,3,7,0.11765576153993607
3,3,8,0.16341091692447662
3,3,9,0.1860937774181366
3,3,10,0.14393699169158936
3,3,11,0.03316517919301987
3,3,12,0.013572508469223976
3,3,13,0.0
3,3,14,0.0
3,3,15,0.0
3,3,16,0.0
3,3,17,0.0020180540159344673
3,3,18,0.10960718244314194
3,3,19,0.1345674842596054
3,3,20,0.19947652518749237
3,3,21,0.1811693012714386
3,3,22,0.06908419728279114
3,3,23,0.006420287769287825
3,4,0,0.0
3,4,1,0.0
3,4,2,0.0
3,4,3,0.0
3,4,4,0.0
3,4,5,0.022743811830878258
3,4,6,0.12600143253803253
3,4,7,0.15300677716732025
3,4,8,0.17168419063091278
3,4,9,0.11164383590221405
3,4,10,0.05698159337043762
3,4,11,0.0
3,4,12,0.0
3,4,13,0.0
3,4,14,0.0
3,4,15,0.008359631523489952
3,4,16,0.10615774244070053
3,4,17,0.1809857338666916
3,4,18,0.19614484906196594
3,4,19,0.22190746665000916
3,4,20,0.1673453152179718
3,4,21,0.10834220796823502
3,4,22,0.005220022052526474
3,4,23,0.0
3,5,0,0.0
3,5,1,0.0
3,5,2,0.0
3,5,3,0.0
3,5,4,0.0
3,5,5,0.1213093027472496
3,5,6,0.15149164199829102
3,5,7,0.16010181605815887
3,5,8,0.09409050643444061
3,5,9,0.059350136667490005
3,5,10,0.034021586179733276
3,5,11,0.0
3,5,12,0.0
3,5,13,0.0
3,5,14,0.02708502486348152
3,5,15,0.08073952049016953
3,5,16,0.21201001107692719
3,5,17,0.27862998843193054
3,5,18,0.23996172845363617
3,5,19,0.21865060925483704
3,5,20,0.12898984551429749
3,5,21,0.03300406411290169
3,5,22,0.0
3,5,23,0.0
3,6,0,0.0
3,6,1,0.0
3,6,2,0.0
3,6,3,0.0
3,6,4,0.084652379155159
3,6,5,0.1736423224210739
3,6,6,0.09770757704973221
3,6,7,0.11153002828359604
3,6,8,0.0344676673412323
3,6,9,0.01011910941451788
3,6,10,0.0
3,6,11,0.0
3,6,12,0.0
3,6,13,0.10692034661769867
3,6,14,0.16922888159751892
3,6,15,0.27830660343170166
3,6,16,0.3067152798175812
3,6,17,0.3755805492401123
3,6,18,0.29647013545036316
3,6,19,0.21448400616645813
3,6,20,0.11490665376186371
3,6,21,0.0
3,6,22,0.0
3,6,23,0.0
3,7,0,0.0
3,7,1,0.0
3,7,2,0.02864469215273857
3,7,3,0.11863790452480316
3,7,4,0.10999472439289093
3,7,5,0.1293904334306717
3,7,6,0.13243643939495087
3,7,7,0.05874994769692421
3,7,8,0.0
3,7,9,0.0
3,7,10,0.0
3,7,11,0.009600072167813778
3,7,12,0.14583571255207062
3,7,13,0.20771776139736176
3,7,14,0.313327431678772
3,7,15,0.422879159450531
3,7,16,0.45412659645080566
3,7,17,0.4037837088108063
3,7,18,0.3086276948451996
3,7,19,0.25817862153053284
3,7,20,0.09814471006393433
3,7,21,0.0
3,7,22,0.0
3,7,23,0.0
3,8,0,0.0
3,8,1,0.042084600776433945
3,8,2,0.07734742015600204
3,8,3,0.1533731073141098
3,8,4,0.18684633076190948
3,8,5,0.12029116600751877
3,8,6,0.039665888994932175
3,8,7,0.0
3,8,8,0.0
3,8,9,0.0
3,8,10,0.0
3,8,11,0.11025465279817581
3,8,12,0.1922401338815689
3,8,13,0.3821119964122772
3,8,14,0.46708211302757263
3,8,15,0.5385133624076843
3,8,16,0.49882781505584717
3,8,17,0.4765498638153076
3,8,18,0.36117666959762573
3,8,19,0.22853584587574005
3,8,20,0.06924663484096527
3,8,21,0.046393778175115585
3,8,22,0.017757967114448547
3,8,23,0.0012189026456326246
3,9,0,0.03018292784690857
3,9,1,0.11007451266050339
3,9,2,0.15656153857707977
3,9,3,0.1503361165523529
3,9,4,0.11339373141527176
3,9,5,0.07071953266859055
3,9,6,0.0
3,9,7,0.0
3,9,8,0.0
3,9,9,0.0
3,9,10,0.0359671376645565
3,9,11,0.21464577317237854
3,9,12,0.3903581202030182
3,9,13,0.4761936664581299
3,9,14,0.5897922515869141
3,9,15,0.5859798789024353
3,9,16,0.5469900369644165
3,9,17,0.49543631076812744
3,9,18,0.3356952965259552
3,9,19,0.2414044886827469
3,9,20,0.11032438278198242
3,9,21,0.1438678652048111
3,9,22,0.11931508034467697
3,9,23,0.13129518926143646
3,10,0,0.11407043784856796
3,10,1,0.11671149730682373
3,10,2,0.1692642867565155
3,10,3,0.09866421669721603
3,10,4,0.032521478831768036
3,10,5,0.0
3,10,6,0.0
3,10,7,0.0
3,10,8,0.0
3,10,9,0.049064069986343384
3,10,10,0.17438292503356934
3,10,11,0.3408999443054199
3,10,12,0.467496782541275
3,10,13,0.628406822681427
3,10,14,0.6048837900161743
3,10,15,0.6528376340866089
3,10,16,0.5936636328697205
3,10,17,0.45505374670028687
3,10,18,0.4150647819042206
3,10,19,0.3050954043865204
3,10,20,0.25075164437294006
3,10,21,0.21193090081214905
3,10,22,0.2109488993883133
3,10,23,0.22071035206317902
3,11,0,0.15244263410568237
3,11,1,0.17297928035259247
3,11,2,0.10730453580617905
3,11,3,0.015330296009778976
3,11,4,0.0
3,11,5,0.0
3,11,6,0.0
3,11,7,0.0
3,11,8,0.0
3,11,9,0.10613366961479187
3,11,10,0.2551702558994293
3,11,11,0.38359594345092773
3,11,12,0.5376906991004944
3,11,13,0.6042734384536743
3,11,14,0.619783878326416
3,11,15,0.5458760261535645
3,11,16,0.5235266089439392
3,11,17,0.5000486969947815
3,11,18,0.397658109664917
3,11,19,0.3686085641384125
3,11,20,0.30487820506095886
3,11,21,0.34740859270095825
3,11,22,0.30300459265708923
3,11,23,0.2851710319519043
3,12,0,0.19115421175956726
3,12,1,0.1332472860813141
3,12,2,0.025726260617375374
3,12,3,0.0
3,12,4,0.0
3,12,5,0.0
3,12,6,0.0
3,12,7,0.0
3,12,8,0.1059526726603508
3,12,9,0.20624814927577972
3,12,10,0.3845754861831665
3,12,11,0.4497208297252655
3,12,12,0.5597972869873047
3,12,13,0.570125162601471
3,12,14,0.587557852268219
3,12,15,0.5350773334503174
3,12,16,0.5018342137336731
3,12,17,0.496651291847229
3,12,18,0.48192834854125977
3,12,19,0.44451525807380676
3,12,20,0.4006897509098053
3,12,21,0.37305670976638794
3,12,22,0.3262926936149597
3,12,23,0.24858997762203217
3,13,0,0.10476777702569962
3,13,1,0.05353901535272598
3,13,2,0.0
3,13,3,0.0
3,13,4,0.0
3,13,5,0.0
3,13,6,0.0
3,13,7,0.00987179484218359
3,13,8,0.14548416435718536
3,13,9,0.2976938486099243
3,13,10,0.3632238209247589
3,13,11,0.42856234312057495
3,13,12,0.4555700719356537
3,13,13,0.4757849872112274
3,13,14,0.4905482828617096
3,13,15,0.4635689854621887
3,13,16,0.5061168670654297
3,13,17,0.4735124111175537
3,13,18,0.5178131461143494
3,13,19,0.5134895443916321
3,13,20,0.47429779171943665
3,13,21,0.4330907464027405
3,13,22,0.33618876338005066
3,13,23,0.21634559333324432
3,14,0,0.023623861372470856
3,14,1,0.0
3,14,2,0.0
3,14,3,0.0
3,14,4,0.0
3,14,5,0.0
3,14,6,0.00305131240747869
3,14,7,0.10139010101556778
3,14,8,0.23146043717861176
3,14,9,0.2799811363220215
3,14,10,0.3099965751171112
3,14,11,0.3424127995967865
3,14,12,0.29772618412971497
3,14,13,0.3494361937046051
3,14,14,0.4139484465122223
3,14,15,0.4165016710758209
3,14,16,0.46551549434661865
3,14,17,0.5231780409812927
3,14,18,0.5599917769432068
3,14,19,0.4992107152938843
3,14,20,0.46087199449539185
3,14,21,0.4120481312274933
3,14,22,0.27413347363471985
3,14,23,0.18011853098869324
3,15,0,0.0
3,15,1,0.0
3,15,2,0.0
3,15,3,0.0
3,15,4,0.0
3,15,5,0.0
3,15,6,0.08157215267419815
3,15,7,0.18811926245689392
3,15,8,0.23965176939964294
3,15,9,0.23027639091014862
3,15,10,0.18545760214328766
3,15,11,0.2274162322282791
3,15,12,0.22404640913009644
3,15,13,0.2421960085630417
3,15,14,0.30857402086257935
3,15,15,0.3414091169834137
3,15,16,0.48644885420799255
3,15,17,0.4923834800720215
3,15,18,0.5548988580703735
3,15,19,0.4842601418495178
3,15,20,0.4252517819404602
3,15,21,0.3579968214035034
3,15,22,0.1844247579574585
3,15,23,0.07207432389259338
3,16,0,0.0
3,16,1,0.0
3,16,2,0.0
3,16,3,0.0
3,16,4,0.0
3,16,5,0.06164829432964325
3,16,6,0.15608897805213928
3,16,7,0.18872424960136414
3,16,8,0.14955690503120422
3,16,9,0.13924524188041687
3,16,10,0.10590308159589767
3,16,11,0.08708608895540237
3,16,12,0.07531951367855072
3,16,13,0.13878263533115387
3,16,14,0.22037506103515625
3,16,15,0.3514406681060791
3,16,16,0.445342093706131
3,16,17,0.48570168018341064
3,16,18,0.487887978553772
3,16,19,0.4471726715564728
3,16,20,0.32645344734191895
3,16,21,0.18846283853054047
3,16,22,0.0587235651910305
3,16,23,0.0
3,17,0,0.0
3,17,1,0.0
3,17,2,0.0
3,17,3,0.0
3,17,4,0.07268320024013519
3,17,5,0.13032399117946625
3,17,6,0.16956956684589386
3,17,7,0.15112902224063873
3,17,8,0.0796848013997078
3,17,9,0.02837195433676243
3,17,10,0.010390912182629108
3,17,11,0.01933826133608818
3,17,12,0.0
3,17,13,0.11663547158241272
3,17,14,0.23834192752838135
3,17,15,0.31857243180274963
3,17,16,0.41384705901145935
3,17,17,0.42148545384407043
3,17,18,0.4068220853805542
3,17,19,0.2960300147533417
3,17,20,0.16482500731945038
3,17,21,0.10495531558990479
3,17,22,0.0
3,17,23,0.0
3,18,0,0.0
3,18,1,0.0
3,18,2,0.0
3,18,3,0.05543624982237816
3,18,4,0.1379658430814743
3,18,5,0.16369208693504333
3,18,6,0.14359353482723236
3,18,7,0.090214304625988
3,18,8,0.049441613256931305
3,18,9,0.0
3,18,10,0.0
3,18,11,0.0
3,18,12,0.03714503347873688
3,18,13,0.08129172772169113
3,18,14,0.2116147130727768
3,18,15,0.33552053570747375
3,18,16,0.36718663573265076
3,18,17,0.35431426763534546
3,18,18,0.28536587953567505
3,18,19,0.18279260396957397
3,18,20,0.08373404294252396
3,18,21,0.0
3,18,22,0.0
3,18,23,0.0
3,19,0,0.0
3,19,1,0.0005214035627432168
3,19,2,0.12758268415927887
3,19,3,0.09329935908317566
3,19,4,0.1579703837633133
3,19,5,0.11604186147451401
3,19,6,0.08654464036226273
3,19,7,0.001609236467629671
3,19,8,0.0
3,19,9,0.0
3,19,10,0.0
3,19,11,0.0
3,19,12,0.0
3,19,13,0.1685718148946762
3,19,14,0.23431728780269623
3,19,15,0.3028026819229126
3,19,16,0.2612401843070984
3,19,17,0.22257331013679504
3,19,18,0.1578657180070877
3,19,19,0.055665869265794754
3,19,20,0.0
3,19,21,0.0
3,19,22,0.0
3,19,23,0.0
3,20,0,0.0
3,20,1,0.06500593572854996
3,20,2,0.09892019629478455
3,20,3,0.16048257052898407
3,20,4,0.08080986887216568
3,20,5,0.08389976620674133
3,20,6,0.0
3,20,7,0.0
3,20,8,0.0
3,20,9,0.0
3,20,10,0.0
3,20,11,0.0
3,20,12,0.07348289340734482
3,20,13,0.19408512115478516
3,20,14,0.2327488660812378
3,20,15,0.22202636301517487
3,20,16,0.18569380044937134
3,20,17,0.08447468280792236
3,20,18,0.03512005880475044
3,20,19,0.0
3,20,20,0.0
3,20,21,0.0
3,20,22,0.0
3,20,23,0.0
3,21,0,0.0669722929596901
3,21,1,0.16417069733142853
3,21,2,0.17393290996551514
3,21,3,0.11448544263839722
3,21,4,0.07403293251991272
3,21,5,0.0
3,21,6,0.0
3,21,7,0.0
3,21,8,0.0
3,21,9,0.0
3,21,10,0.0
3,21,11,0.06290285289287567
3,21,12,0.12891283631324768
3,21,13,0.15091052651405334
3,21,14,0.2096201628446579
3,21,15,0.15960171818733215
3,21,16,0.06752917170524597
3,21,17,0.0
3,21,18,0.0
3,21,19,0.0
3,21,20,0.0
3,21,21,0.0
3,21,22,0.0
3,21,23,0.09276441484689713
3,22,0,0.11740525811910629
3,22,1,0.1549820452928543
3,22,2,0.12539276480674744
3,22,3,0.0866064801812172
3,22,4,0.0
3,22,5,0.0
3,22,6,0.0
3,22,7,0.0
3,22,8,0.0
3,22,9,0.0
3,22,10,0.030278436839580536
3,22,11,0.16272372007369995
3,22,12,0.1267595887184143
3,22,13,0.16981501877307892
3,22,14,0.10477598756551743
3,22,15,0.048083990812301636
3,22,16,0.0
3,22,17,0.0
3,22,18,0.0
3,22,19,0.0
3,22,20,0.0
3,22,21,0.007807239890098572
3,22,22,0.09858259558677673
3,22,23,0.13090065121650696
3,23,0,0.13838526606559753
3,23,1,0.08266009390354156
3,23,2,0.08185936510562897
3,23,3,0.0
3,23,4,0.0
3,23,5,0.0
3,23,6,0.0
3,23,7,0.0
3,23,8,0.0
3,23,9,0.006854632403701544
3,23,10,0.12801039218902588
3,23,11,0.12311121076345444
3,23,12,0.13999155163764954
3,23,13,0.15183094143867493
3,23,14,0.06593583524227142
3,23,15,0.0
3,23,16,0.0
3,23,17,0.0
3,23,18,0.0
3,23,19,0.0
3,23,20,0.0
3,23,21,0.07501984387636185
3,23,22,0.1285560131072998
3,23,23,0.12426391243934631
4,0,0,0.09573628753423691
4,0,1,0.05380851775407791
4,0,2,0.0
4,0,3,0.0
4,0,4,0.0
4,0,5,0.0
4,0,6,0.0
4,0,7,0.014397864229977131
4,0,8,0.07489963620901108
4,0,9,0.09978208690881729
4,0,10,0.16428570449352264
4,0,11,0.11668571829795837
4,0,12,0.06399938464164734
4,0,13,0.0038418141193687916
4,0,14,0.0
4,0,15,0.0
4,0,16,0.0
4,0,17,0.0
4,0,18,0.0
4,0,19,0.018084073439240456
4,0,20,0.1239008679986
4,0,21,0.15822012722492218
4,0,22,0.18194344639778137
4,0,23,0.152837336063385
4,1,0,0.014901362359523773
4,1,1,0.0
4,1,2,0.0
4,1,3,0.0
4,1,4,0.0
4,1,5,0.0
4,1,6,0.0
4,1,7,0.06194353848695755
4,1,8,0.10183393210172653
4,1,9,0.16802239418029785
4,1,10,0.11442866921424866
4,1,11,0.1327745020389557
4,1,12,0.0
4,1,13,0.0
4,1,14,0.0
4,1,15,0.0
4,1,16,0.0
4,1,17,0.0
4,1,18,0.007778163533657789
4,1,19,0.11118125170469284
4,1,20,0.12769967317581177
4,1,21,0.18071451783180237
4,1,22,0.12656019628047943
4,1,23,0.04046590253710747
4,2,0,0.0
4,2,1,0.0
4,2,2,0.0
4,2,3,0.0
4,2,4,0.0
4,2,5,0.0
4,2,6,0.07087552547454834
4,2,7,0.146556556224823
4,2,8,0.11823785305023193
4,2,9,0.13314273953437805
4,2,10,0.08309028297662735
4,2,11,0.0
4,2,12,0.0
4,2,13,0.0
4,2,14,0.0
4,2,15,0.0
4,2,16,0.0
4,2,17,0.035815950483083725
4,2,18,0.11636678129434586
4,2,19,0.1687091886997223
4,2,20,0.15405666828155518
4,2,21,0.10941540449857712
4,2,22,0.04604071006178856
4,2,23,0.0
4,3,0,0.0
4,3,1,0.0
4,3,2,0.0
4,3,3,0.0
4,3,4,0.0
4,3,5,0.025331629440188408
4,3,6,0.13170099258422852
4,3,7,0.15131816267967224
4,3,8,0.1369728147983551
4,3,9,0.06909734755754471
4,3,10,0.01590990275144577
4,3,11,0.0
4,3,12,0.0
4,3,13,0.0
4,3,14,0.0
4,3,15,0.0
4,3,16,0.0850881040096283
4,3,17,0.1477440893650055
4,3,18,0.16049957275390625
4,3,19,0.19113345444202423
4,3,20,0.15051473677158356
4,3,21,0.08850843459367752
4,3,22,0.0
4,3,23,0.0
4,4,0,0.0
4,4,1,0.0
4,4,2,0.0
4,4,3,0.0
4,4,4,0.07630658149719238
4,4,5,0.12787112593650818
4,4,6,0.15571951866149902
4,4,7,0.12832166254520416
4,4,8,0.10808632522821426
4,4,9,0.0
4,4,10,0.0
4,4,11,0.0
4,4,12,0.0
4,4,13,0.0
4,4,14,0.0
4,4,15,0.04152515530586243
4,4,16,0.16163530945777893
4,4,17,0.18496787548065186
4,4,18,0.20036281645298004
4,4,19,0.17593739926815033
4,4,20,0.07101558893918991
4,4,21,0.0
4,4,22,0.0
4,4,23,0.0
4,5,0,0.0
4,5,1,0.0
4,5,2,0.0
4,5,3,0.08551807701587677
4,5,4,0.13381260633468628
4,5,5,0.12311358749866486
4,5,6,0.14621886610984802
4,5,7,0.056399568915367126
4,5,8,0.03146471083164215
4,5,9,0.0
4,5,10,0.0
4,5,11,0.0
4,5,12,0.0
4,5,13,0.023368248715996742
4,5,14,0.0988968089222908
4,5,15,0.19789347052574158
4,5,16,0.2643527388572693
4,5,17,0.24170847237110138
4,5,18,0.19754774868488312
4,5,19,0.10598009824752808
4,5,20,0.01384057104587555
4,5,21,0.0
4,5,22,0.0
4,5,23,0.0
4,6,0,0.0
4,6,1,0.0
4,6,2,0.07905769348144531
4,6,3,0.154214546084404
4,6,4,0.14158596098423004
4,6,5,0.13456104695796967
4,6,6,0.037044938653707504
4,6,7,0.007367793004959822
4,6,8,0.0
4,6,9,0.0
4,6,10,0.0
4,6,11,0.0
4,6,12,0.04178275167942047
4,6,13,0.1111900582909584
4,6,14,0.20222797989845276
4,6,15,0.24777793884277344
4,6,16,0.3029395639896393
4,6,17,0.2620757520198822
4,6,18,0.1668132096529007
4,6,19,0.11122088134288788
4,6,20,0.0038313164841383696
4,6,21,0.0
4,6,22,0.0
4,6,23,0.0
4,7,0,0.0
4,7,1,0.0618981309235096
4,7,2,0.1380121111869812
4,7,3,0.1272008717060089
4,7,4,0.13258488476276398
4,7,5,0.07908026874065399
4,7,6,0.0
4,7,7,0.0
4,7,8,0.0
4,7,9,0.0
4,7,10,0.0
4,7,11,0.0
4,7,12,0.16132332384586334
4,7,13,0.1864241361618042
4,7,14,0.31617191433906555
4,7,15,0.3833828270435333
4,7,16,0.33830130100250244
4,7,17,0.25227120518684387
4,7,18,0.1710151880979538
4,7,19,0.12405095994472504
4,7,20,0.0
4,7,21,0.031052744016051292
4,7,22,0.01955808885395527
4,7,23,0.039371758699417114
4,8,0,0.05279720947146416
4,8,1,0.10518774390220642
4,8,2,0.16751636564731598
4,8,3,0.1460956484079361
4,8,4,0.040770918130874634
4,8,5,0.0
4,8,6,0.0
4,8,7,0.0
4,8,8,0.0
4,8,9,0.0
4,8,10,0.016700774431228638
4,8,11,0.1113591268658638
4,8,12,0.23941050469875336
4,8,13,0.33197683095932007
4,8,14,0.3758862316608429
4,8,15,0.4071771800518036
4,8,16,0.33971503376960754
4,8,17,0.25010794401168823
4,8,18,0.20767565071582794
4,8,19,0.11455172300338745
4,8,20,0.10005082935094833
4,8,21,0.09514302760362625
4,8,22,0.12059859931468964
4,8,23,0.21269451081752777
4,9,0,0.1266034096479416
4,9,1,0.1549556851387024
4,9,2,0.09558240324258804
4,9,3,0.06134021282196045
4,9,4,0.0013032353017479181
4,9,5,0.0
4,9,6,0.0
4,9,7,0.0
4,9,8,0.0
4,9,9,0.0
4,9,10,0.12242025882005692
4,9,11,0.22691310942173004
4,9,12,0.337248295545578
4,9,13,0.4062415063381195
4,9,14,0.4220694601535797
4,9,15,0.4322696924209595
4,9,16,0.38466086983680725
4,9,17,0.3238084316253662
4,9,18,0.2682826519012451
4,9,19,0.26242443919181824
4,9,20,0.23403549194335938
4,9,21,0.242362380027771
4,9,22,0.2649005353450775
4,9,23,0.29939085245132446
4,10,0,0.12316354364156723
4,10,1,0.14631101489067078
4,10,2,0.036091845482587814
4,10,3,0.0003207616391591728
4,10,4,0.0
4,10,5,0.0
4,10,6,0.0
4,10,7,0.0
4,10,8,0.0
4,10,9,0.09127472341060638
4,10,10,0.19657908380031586
4,10,11,0.3085666298866272
4,10,12,0.39219626784324646
4,10,13,0.41279542446136475
4,10,14,0.42095497250556946
4,10,15,0.3974255323410034
4,10,16,0.4111730754375458
4,10,17,0.39573538303375244
4,10,18,0.38082751631736755
4,10,19,0.397439569234848
4,10,20,0.3864007294178009
4,10,21,0.39264482259750366
4,10,22,0.37240660190582275
4,10,23,0.3181256055831909
4,11,0,0.12019887566566467
4,11,1,0.11798744648694992
4,11,2,0.0
4,11,3,0.0
4,11,4,0.0
4,11,5,0.0
4,11,6,0.0
4,11,7,0.0
4,11,8,0.07081170380115509
4,11,9,0.15710298717021942
4,11,10,0.2963787913322449
4,11,11,0.35362508893013
4,11,12,0.3572025001049042
4,11,13,0.43820199370384216
4,11,14,0.42555850744247437
4,11,15,0.4225179851055145
4,11,16,0.4726664125919342
4,11,17,0.47082898020744324
4,11,18,0.49670931696891785
4,11,19,0.5058243274688721
4,11,20,0.532014787197113
4,11,21,0.5001746416091919
4,11,22,0.4248197674751282
4,11,23,0.30878856778144836
4,12,0,0.07618601620197296
4,12,1,0.0
4,12,2,0.0
4,12,3,0.0
4,12,4,0.0
4,12,5,0.0
4,12,6,0.0
4,12,7,0.043653592467308044
4,12,8,0.17526419460773468
4,12,9,0.21950390934944153
4,12,10,0.29764416813850403
4,12,11,0.30720147490501404
4,12,12,0.333596408367157
4,12,13,0.36224251985549927
4,12,14,0.3675437569618225
4,12,15,0.44545280933380127
4,12,16,0.47053584456443787
4,12,17,0.5650089979171753
4,12,18,0.6322358846664429
4,12,19,0.6494562029838562
4,12,20,0.6516770720481873
4,12,21,0.5254631638526917
4,12,22,0.3970319926738739
4,12,23,0.261058509349823
4,13,0,0.008158895187079906
4,13,1,0.0
4,13,2,0.0
4,13,3,0.0
4,13,4,0.0
4,13,5,0.0
4,13,6,0.06301802396774292
4,13,7,0.1835843175649643
4,13,8,0.2010495513677597
4,13,9,0.24419231712818146
4,13,10,0.2355600893497467
4,13,11,0.20933641493320465
4,13,12,0.23972253501415253
4,13,13,0.2597575783729553
4,13,14,0.31532394886016846
4,13,15,0.4708574712276459
4,13,16,0.5476426482200623
4,13,17,0.644966185092926
4,13,18,0.6902303099632263
4,13,19,0.6964073777198792
4,13,20,0.6593468189239502
4,13,21,0.5227017998695374
4,13,22,0.37933480739593506
4,13,23,0.19933222234249115
4,14,0,0.0
4,14,1,0.0
4,14,2,0.0
4,14,3,0.0
4,14,4,0.0
4,14,5,0.006310572382062674
4,14,6,0.11142569780349731
4,14,7,0.17031453549861908
4,14,8,0.15047195553779602
4,14,9,0.16961286962032318
4,14,10,0.17507071793079376
4,14,11,0.16042234003543854
4,14,12,0.14409126341342926
4,14,13,0.22753332555294037
4,14,14,0.3449495732784271
4,14,15,0.46803924441337585
4,14,16,0.5795161724090576
4,14,17,0.6705823540687561
4,14,18,0.7088168263435364
4,14,19,0.7009739279747009
4,14,20,0.5968651175498962
4,14,21,0.4563330411911011
4,14,22,0.27589941024780273
4,14,23,0.1306074559688568
4,15,0,0.0
4,15,1,0.0
4,15,2,0.0
4,15,3,0.0
4,15,4,0.0
4,15,5,0.13524581491947174
4,15,6,0.16008645296096802
4,15,7,0.13469891250133514
4,15,8,0.13415513932704926
4,15,9,0.12340938299894333
4,15,10,0.06536082178354263
4,15,11,0.0520332008600235
4,15,12,0.12826530635356903
4,15,13,0.1689881831407547
4,15,14,0.30419623851776123
4,15,15,0.4696974456310272
4,15,16,0.6005154848098755
4,15,17,0.6802433729171753
4,15,18,0.6957260966300964
4,15,19,0.6142656207084656
4,15,20,0.4924796521663666
4,15,21,0.3174397945404053
4,15,22,0.1654251664876938
4,15,23,0.04064129665493965
4,16,0,0.0
4,16,1,0.0
4,16,2,0.0
4,16,3,0.027303026989102364
4,16,4,0.08458485454320908
4,16,5,0.14914125204086304
4,16,6,0.15513165295124054
4,16,7,0.12925389409065247
4,16,8,0.11485187709331512
4,16,9,0.004360976628959179
4,16,10,0.0
4,16,11,0.019254697486758232
4,16,12,0.06856728345155716
4,16,13,0.22992326319217682
4,16,14,0.31847941875457764
4,16,15,0.47046783566474915
4,16,16,0.5484671592712402
4,16,17,0.5956974625587463
4,16,18,0.5741660594940186
4,16,19,0.48895543813705444
4,16,20,0.34129488468170166
4,16,21,0.21527820825576782
4,16,22,0.06743589788675308
4,16,23,0.0
4,17,0,0.0
4,17,1,0.0
4,17,2,0.011387894861400127
4,17,3,0.08542244881391525
4,17,4,0.12582409381866455
4,17,5,0.168223574757576
4,17,6,0.10654605180025101
4,17,7,0.053137075155973434
4,17,8,0.0
4,17,9,0.0
4,17,10,0.0
4,17,11,0.0
4,17,12,0.07467070966959
4,17,13,0.21027685701847076
4,17,14,0.33738917112350464
4,17,15,0.42094430327415466
4,17,16,0.5059458017349243
4,17,17,0.4691205620765686
4,17,18,0.4051186740398407
4,17,19,0.28688615560531616
4,17,20,0.20902159810066223
4,17,21,0.08968260884284973
4,17,22,0.022651318460702896
4,17,23,0.01819547824561596
4,18,0,0.0012530755484476686
4,18,1,0.0
4,18,2,0.08402610570192337
4,18,3,0.13118073344230652
4,18,4,0.12996800243854523
4,18,5,0.08726580440998077
4,18,6,0.035210020840168
4,18,7,0.0
4,18,8,0.0
4,18,9,0.0
4,18,10,0.0
4,18,11,0.002760224277153611
4,18,12,0.114493727684021
4,18,13,0.2133776992559433
4,18,14,0.3628809452056885
4,18,15,0.3828723728656769
4,18,16,0.3443097770214081
4,18,17,0.3121630549430847
4,18,18,0.21054919064044952
4,18,19,0.14574983716011047
4,18,20,0.05636465921998024
4,18,21,0.0
4,18,22,0.037698227912187576
4,18,23,0.03853767365217209
4,19,0,0.0400279276072979
4,19,1,0.08001410961151123
4,19,2,0.12313530594110489
4,19,3,0.1468372642993927
4,19,4,0.11038503795862198
4,19,5,0.0002799644134938717
4,19,6,0.0
4,19,7,0.0
4,19,8,0.0
4,19,9,0.0
4,19,10,0.0
4,19,11,0.03834877163171768
4,19,12,0.14720380306243896
4,19,13,0.24505916237831116
4,19,14,0.30560702085494995
4,19,15,0.28179118037223816
4,19,16,0.23681746423244476
4,19,17,0.18147575855255127
4,19,18,0.10214631259441376
4,19,19,0.012371188029646873
4,19,20,0.00014311261475086212
4,19,21,0.0070421211421489716
4,19,22,0.05123964324593544
4,19,23,0.11782828718423843
4,20,0,0.08126474916934967
4,20,1,0.14328518509864807
4,20,2,0.14605514705181122
4,20,3,0.1043408066034317
4,20,4,0.023083684965968132
4,20,5,0.0
4,20,6,0.0
4,20,7,0.0
4,20,8,0.0
4,20,9,0.0
4,20,10,0.0
4,20,11,0.10603930056095123
4,20,12,0.18069711327552795
4,20,13,0.23089709877967834
4,20,14,0.2609938681125641
4,20,15,0.1803373098373413
4,20,16,0.11585521697998047
4,20,17,0.010953404009342194
4,20,18,0.0
4,20,19,0.0
4,20,20,0.0
4,20,21,0.0
4,20,22,0.07661310583353043
4,20,23,0.13341693580150604
4,21,0,0.12492916733026505
4,21,1,0.13965710997581482
4,21,2,0.13071081042289734
4,21,3,0.019537923857569695
4,21,4,0.0
4,21,5,0.0
4,21,6,0.0
4,21,7,0.0
4,21,8,0.0
4,21,9,0.0
4,21,10,0.07817314565181732
4,21,11,0.1711142659187317
4,21,12,0.16083595156669617
4,21,13,0.17110207676887512
4,21,14,0.13943971693515778
4,21,15,0.00860812421888113
4,21,16,0.005820659454911947
4,21,17,0.0
4,21,18,0.0
4,21,19,0.0
4,21,20,0.018877247348427773
4,21,21,0.07832761853933334
4,21,22,0.08248207718133926
4,21,23,0.14947360754013062
4,22,0,0.14850348234176636
4,22,1,0.102178655564785
4,22,2,0.045099448412656784
4,22,3,0.0
4,22,4,0.0
4,22,5,0.0
4,22,6,0.0
4,22,7,0.0
4,22,8,0.0
4,22,9,0.0478719025850296
4,22,10,0.14649516344070435
4,22,11,0.18080447614192963
4,22,12,0.1512889713048935
4,22,13,0.03615148365497589
4,22,14,0.0
4,22,15,0.0
4,22,16,0.0
4,22,17,0.0
4,22,18,0.0
4,22,19,0.0
4,22,20,0.07727985084056854
4,22,21,0.12790468335151672
4,22,22,0.17002734541893005
4,22,23,0.16561919450759888
4,23,0,0.12001808732748032
4,23,1,0.08106980472803116
4,23,2,0.0
4,23,3,0.0
4,23,4,0.0
4,23,5,0.0
4,23,6,0.0
4,23,7,0.0
4,23,8,0.08936281502246857
4,23,9,0.14678944647312164
4,23,10,0.20587004721164703
4,23,11,0.12254206836223602
4,23,12,0.07297960668802261
4,23,13,0.001521653146483004
4,23,14,0.0
4,23,15,0.0
4,23,16,0.0
4,23,17,0.0
4,23,18,0.0
4,23,19,0.03420160338282585
4,23,20,0.15314126014709473
4,23,21,0.15593738853931427
4,23,22,0.1811036765575409
4,23,23,0.1180340126156807
5,0,0,0.01652825064957142
5,0,1,0.0
5,0,2,0.0
5,0,3,0.0
5,0,4,0.0
5,0,5,0.0
5,0,6,0.014689890667796135
5,0,7,0.1028260663151741
5,0,8,0.1861494928598404
5,0,9,0.14167794585227966
5,0,10,0.11839631199836731
5,0,11,0.06623739004135132
5,0,12,0.0
5,0,13,0.0
5,0,14,0.0
5,0,15,0.0
5,0,16,0.0
5,0,17,0.011743491515517235
5,0,18,0.06600458920001984
5,0,19,0.1453014761209488
5,0,20,0.13411740958690643
5,0,21,0.10427233576774597
5,0,22,0.08486545085906982
5,0,23,0.0006149652181193233
5,1,0,0.0
5,1,1,0.0
5,1,2,0.0
5,1,3,0.0
5,1,4,0.0
5,1,5,0.03733460605144501
5,1,6,0.1243203729391098
5,1,7,0.13767807185649872
5,1,8,0.1060396358370781
5,1,9,0.10634936392307281
5,1,10,0.05755145475268364
5,1,11,0.0
5,1,12,0.0
5,1,13,0.0
5,1,14,0.0
5,1,15,0.0
5,1,16,0.0
5,1,17,0.0783412754535675
5,1,18,0.12813875079154968
5,1,19,0.15973447263240814
5,1,20,0.11505001038312912
5,1,21,0.03895909711718559
5,1,22,0.006804129108786583
5,1,23,0.0
5,2,0,0.0
5,2,1,0.0
5,2,2,0.0
5,2,3,0.0
5,2,4,0.013407137244939804
5,2,5,0.10433421283960342
5,2,6,0.1921188235282898
5,2,7,0.17675714194774628
5,2,8,0.1325807422399521
5,2,9,0.03374682366847992
5,2,10,0.0
5,2,11,0.0
5,2,12,0.0
5,2,13,0.0
5,2,14,0.0
5,2,15,0.021411389112472534
5,2,16,0.06433742493391037
5,2,17,0.08657577633857727
5,2,18,0.17294873297214508
5,2,19,0.1319841593503952
5,2,20,0.09040053933858871
5,2,21,0.00816607940942049
5,2,22,0.0
5,2,23,0.0
5,3,0,0.0
5,3,1,0.0
5,3,2,0.0
5,3,3,0.008164796978235245
5,3,4,0.06254073977470398
5,3,5,0.15483611822128296
5,3,6,0.16960152983665466
5,3,7,0.10929783433675766
5,3,8,0.0023626782931387424
5,3,9,0.0
5,3,10,0.0
5,3,11,0.0
5,3,12,0.0
5,3,13,0.0
5,3,14,0.0
5,3,15,0.07561574131250381
5,3,16,0.1324952095746994
5,3,17,0.1864965707063675
5,3,18,0.15010489523410797
5,3,19,0.12254812568426132
5,3,20,0.028338244184851646
5,3,21,0.0
5,3,22,0.0
5,3,23,0.0
5,4,0,0.0
5,4,1,0.0
5,4,2,0.0
5,4,3,0.08398836851119995
5,4,4,0.12341705709695816
5,4,5,0.17860732972621918
5,4,6,0.07607859373092651
5,4,7,0.012693658471107483
5,4,8,0.0
5,4,9,0.0
5,4,10,0.0
5,4,11,0.0
5,4,12,0.0
5,4,13,0.0
5,4,14,0.05131058394908905
5,4,15,0.15278372168540955
5,4,16,0.22258445620536804
5,4,17,0.17051534354686737
5,4,18,0.12742005288600922
5,4,19,0.06860268861055374
5,4,20,0.00591767393052578
5,4,21,0.0
5,4,22,0.0
5,4,23,0.0
5,5,0,0.0
5,5,1,0.04098564386367798
5,5,2,0.07432246208190918
5,5,3,0.14345665276050568
5,5,4,0.14218021929264069
5,5,5,0.09086370468139648
5,5,6,0.021684633567929268
5,5,7,0.0
5,5,8,0.0
5,5,9,0.0
5,5,10,0.0
5,5,11,0.0
5,5,12,0.0
5,5,13,0.11192964017391205
5,5,14,0.1885414719581604
5,5,15,0.2635360360145569
5,5,16,0.1979621946811676
5,5,17,0.14816485345363617
5,5,18,0.09721048176288605
5,5,19,0.01762606017291546
5,5,20,0.0
5,5,21,0.0
5,5,22,0.0
5,5,23,0.0
5,6,0,0.012219157069921494
5,6,1,0.09646965563297272
5,6,2,0.16129931807518005
5,6,3,0.13488079607486725
5,6,4,0.07305282354354858
5,6,5,0.0027825948782265186
5,6,6,0.0
5,6,7,0.0
5,6,8,0.0
5,6,9,0.0
5,6,10,0.0
5,6,11,0.0
5,6,12,0.09373240917921066
5,6,13,0.209486722946167
5,6,14,0.24317993223667145
5,6,15,0.2335478961467743
5,6,16,0.18573452532291412
5,6,17,0.11982352286577225
5,6,18,0.06105823069810867
5,6,19,0.006653219927102327
5,6,20,0.0
5,6,21,0.0
5,6,22,0.0
5,6,23,0.08436466753482819
5,7,0,0.10991352796554565
5,7,1,0.13575996458530426
5,7,2,0.18325605988502502
5,7,3,0.09216798841953278
5,7,4,0.04523632302880287
5,7,5,0.0
5,7,6,0.0
5,7,7,0.0
5,7,8,0.0
5,7,9,0.0
5,7,10,0.034026551991701126
5,7,11,0.10287052392959595
5,7,12,0.20385205745697021
5,7,13,0.22752052545547485
5,7,14,0.27048924565315247
5,7,15,0.2146945595741272
5,7,16,0.19960039854049683
5,7,17,0.16149014234542847
5,7,18,0.06559590250253677
5,7,19,0.001203914755024016
5,7,20,0.0433528758585453
5,7,21,0.11568640917539597
5,7,22,0.15220458805561066
5,7,23,0.1903531849384308
5,8,0,0.1615229845046997
5,8,1,0.15658333897590637
5,8,2,0.13406962156295776
5,8,3,0.059096693992614746
5,8,4,0.0
5,8,5,0.0
5,8,6,0.0
5,8,7,0.0
5,8,8,0.0
5,8,9,0.036154855042696
5,8,10,0.10244590789079666
5,8,11,0.20019352436065674
5,8,12,0.2448318600654602
5,8,13,0.2525329291820526
5,8,14,0.2521419823169708
5,8,15,0.24550563097000122
5,8,16,0.1867365688085556
5,8,17,0.11101341992616653
5,8,18,0.13303574919700623
5,8,19,0.19079893827438354
5,8,20,0.18821057677268982
5,8,21,0.19950717687606812
5,8,22,0.30469852685928345
5,8,23,0.2843647599220276
5,9,0,0.14547640085220337
5,9,1,0.10223942995071411
5,9,2,0.06223668158054352
5,9,3,0.0
5,9,4,0.0
5,9,5,0.0
5,9,6,0.0
5,9,7,0.0
5,9,8,0.0
5,9,9,0.11072353273630142
5,9,10,0.15660040080547333
5,9,11,0.19962064921855927
5,9,12,0.26959508657455444
5,9,13,0.2660638093948364
5,9,14,0.2425500899553299
5,9,15,0.22046780586242676
5,9,16,0.19990620017051697
5,9,17,0.23887883126735687
5,9,18,0.26079076528549194
5,9,19,0.3023035228252411
5,9,20,0.35191604495048523
5,9,21,0.42305874824523926
5,9,22,0.33716100454330444
5,9,23,0.3300801217556
5,10,0,0.07606083154678345
5,10,1,0.03835812211036682
5,10,2,0.0
5,10,3,0.0
5,10,4,0.0
5,10,5,0.0
5,10,6,0.0
5,10,7,0.00706199835985899
5,10,8,0.10920469462871552
5,10,9,0.19011752307415009
5,10,10,0.22138434648513794
5,10,11,0.23768086731433868
5,10,12,0.26050740480422974
5,10,13,0.2542296051979065
5,10,14,0.2375148981809616
5,10,15,0.2127930372953415
5,10,16,0.28108254075050354
5,10,17,0.354778915643692
5,10,18,0.38699522614479065
5,10,19,0.49712270498275757
5,10,20,0.5646031498908997
5,10,21,0.5160937905311584
5,10,22,0.46606552600860596
5,10,23,0.33100032806396484
5,11,0,0.03902596980333328
5,11,1,0.0
5,11,2,0.0
5,11,3,0.0
5,11,4,0.0
5,11,5,0.0
5,11,6,0.0
5,11,7,0.09173963963985443
5,11,8,0.1452820748090744
5,11,9,0.20100979506969452
5,11,10,0.2185537964105606
5,11,11,0.22003231942653656
5,11,12,0.18572260439395905
5,11,13,0.2105245292186737
5,11,14,0.21845030784606934
5,11,15,0.2932591736316681
5,11,16,0.36424851417541504
5,11,17,0.5362241864204407
5,11,18,0.5996389985084534
5,11,19,0.6602906584739685
5,11,20,0.6100085377693176
5,11,21,0.5574709177017212
5,11,22,0.47623345255851746
5,11,23,0.3030855357646942
5,12,0,0.0
5,12,1,0.0
5,12,2,0.0
5,12,3,0.0
5,12,4,0.0
5,12,5,0.0
5,12,6,0.09010438621044159
5,12,7,0.11857295781373978
5,12,8,0.15690270066261292
5,12,9,0.17861104011535645
5,12,10,0.17884305119514465
5,12,11,0.1087394505739212
5,12,12,0.09257529675960541
5,12,13,0.1715538054704666
5,12,14,0.22090405225753784
5,12,15,0.34634867310523987
5,12,16,0.4607340097427368
5,12,17,0.6191378831863403
5,12,18,0.7256404161453247
5,12,19,0.7706401348114014
5,12,20,0.686159610748291
5,12,21,0.6157862544059753
5,12,22,0.40541112422943115
5,12,23,0.2303863763809204
5,13,0,0.0
5,13,1,0.0
5,13,2,0.0
5,13,3,0.0
5,13,4,0.007999638095498085
5,13,5,0.09228019416332245
5,13,6,0.11324366182088852
5,13,7,0.16333454847335815
5,13,8,0.16317281126976013
5,13,9,0.10953295975923538
5,13,10,0.086601622402668
5,13,11,0.0629061758518219
5,13,12,0.10159876942634583
5,13,13,0.17421850562095642
5,13,14,0.26869282126426697
5,13,15,0.4316493570804596
5,13,16,0.6135064959526062
5,13,17,0.7195899486541748
5,13,18,0.8093273043632507
5,13,19,0.7800723910331726
5,13,20,0.6670086979866028
5,13,21,0.5131479501724243
5,13,22,0.3821546733379364
5,13,23,0.1830732226371765
5,14,0,0.0
5,14,1,0.0
5,14,2,0.0
5,14,3,0.027961276471614838
5,14,4,0.03994295373558998
5,14,5,0.08770864456892014
5,14,6,0.18224774301052094
5,14,7,0.1308315545320511
5,14,8,0.10503546893596649
5,14,9,0.03837302699685097
5,14,10,0.013040777295827866
5,14,11,0.0
5,14,12,0.05365277826786041
5,14,13,0.1789948046207428
5,14,14,0.3083708882331848
5,14,15,0.49024340510368347
5,14,16,0.6536288857460022
5,14,17,0.734150230884552
5,14,18,0.7789146900177002
5,14,19,0.7317659258842468
5,14,20,0.5954399704933167
5,14,21,0.4341423809528351
5,14,22,0.27423346042633057
5,14,23,0.12876644730567932
5,15,0,0.0
5,15,1,0.0
5,15,2,0.0
5,15,3,0.06995225697755814
5,15,4,0.11897225677967072
5,15,5,0.15981830656528473
5,15,6,0.17078910768032074
5,15,7,0.10110796242952347
5,15,8,0.0
5,15,9,0.0
5,15,10,0.0
5,15,11,0.0
5,15,12,0.0869443267583847
5,15,13,0.19448554515838623
5,15,14,0.34649765491485596
5,15,15,0.540794312953949
5,15,16,0.6247366070747375
5,15,17,0.7114231586456299
5,15,18,0.7222334742546082
5,15,19,0.5701433420181274
5,15,20,0.4497627913951874
5,15,21,0.3095776438713074
5,15,22,0.20395240187644958
5,15,23,0.11591269075870514
5,16,0,0.0
5,16,1,0.0
5,16,2,0.06982343643903732
5,16,3,0.12587794661521912
5,16,4,0.1585635244846344
5,16,5,0.11840162426233292
5,16,6,0.1004926934838295
5,16,7,0.0
5,16,8,0.0
5,16,9,0.0
5,16,10,0.0
5,16,11,0.0
5,16,12,0.11130842566490173
5,16,13,0.19375278055667877
5,16,14,0.4067310392856598
5,16,15,0.5203776955604553
5,16,16,0.5918545722961426
5,16,17,0.6134804487228394
5,16,18,0.5437641143798828
5,16,19,0.425171822309494
5,16,20,0.33122459053993225
5,16,21,0.23281455039978027
5,16,22,0.16379797458648682
5,16,23,0.13613846898078918
5,17,0,0.00037727615563198924
5,17,1,0.03808443248271942
5,17,2,0.12618692219257355
5,17,3,0.17578792572021484
5,17,4,0.09933724999427795
5,17,5,0.08351562172174454
5,17,6,0.0
5,17,7,0.0
5,17,8,0.0
5,17,9,0.0
5,17,10,0.0
5,17,11,0.0023666180204600096
5,17,12,0.12869712710380554
5,17,13,0.2547881305217743
5,17,14,0.422984778881073
5,17,15,0.44550013542175293
5,17,16,0.46923789381980896
5,17,17,0.4278406500816345
5,17,18,0.3482334613800049
5,17,19,0.28006571531295776
5,17,20,0.26054903864860535
5,17,21,0.1919807344675064
5,17,22,0.13280421495437622
5,17,23,0.17627190053462982
5,18,0,0.043140996247529984
5,18,1,0.08705221116542816
5,18,2,0.17013712227344513
5,18,3,0.15664160251617432
5,18,4,0.09950041770935059
5,18,5,0.0
5,18,6,0.0
5,18,7,0.0
5,18,8,0.0
5,18,9,0.0
5,18,10,0.0
5,18,11,0.08896207809448242
5,18,12,0.21604301035404205
5,18,13,0.2584966719150543
5,18,14,0.34693390130996704
5,18,15,0.3496280014514923
5,18,16,0.32844215631484985
5,18,17,0.27669769525527954
5,18,18,0.18543361127376556
5,18,19,0.11974315345287323
5,18,20,0.11953625828027725
5,18,21,0.15466752648353577
5,18,22,0.15408216416835785
5,18,23,0.18515563011169434
5,19,0,0.08612650632858276
5,19,1,0.1847275197505951
5,19,2,0.1497657746076584
5,19,3,0.09351836144924164
5,19,4,0.019811170175671577
5,19,5,0.0
5,19,6,0.0
5,19,7,0.0
5,19,8,0.0
5,19,9,0.010126983746886253
5,19,10,0.06092799827456474
5,19,11,0.13253438472747803
5,19,12,0.2216617912054062
5,19,13,0.2270519733428955
5,19,14,0.27298662066459656
5,19,15,0.19330452382564545
5,19,16,0.16378457844257355
5,19,17,0.12496630102396011
5,19,18,0.08066584914922714
5,19,19,0.0732654333114624
5,19,20,0.0987720638513565
5,19,21,0.1432049721479416
5,19,22,0.18011057376861572
5,19,23,0.21265830099582672
5,20,0,0.17924748361110687
5,20,1,0.13102824985980988
5,20,2,0.06226757541298866
5,20,3,0.0
5,20,4,0.0
5,20,5,0.0
5,20,6,0.0
5,20,7,0.0
5,20,8,0.0
5,20,9,0.019037650898098946
5,20,10,0.1090989038348198
5,20,11,0.19222790002822876
5,20,12,0.21178217232227325
5,20,13,0.15705537796020508
5,20,14,0.11237941682338715
5,20,15,0.07262437790632248
5,20,16,0.05463767796754837
5,20,17,0.0
5,20,18,0.011068327352404594
5,20,19,0.019902225583791733
5,20,20,0.09595204889774323
5,20,21,0.16252470016479492
5,20,22,0.20222945511341095
5,20,23,0.2051713913679123
5,21,0,0.13333028554916382
5,21,1,0.06724263727664948
5,21,2,0.0
5,21,3,0.0
5,21,4,0.0
5,21,5,0.0
5,21,6,0.0
5,21,7,0.0
5,21,8,0.03789958730340004
5,21,9,0.08124008029699326
5,21,10,0.15383027493953705
5,21,11,0.16428467631340027
5,21,12,0.17621175944805145
5,21,13,0.12101434171199799
5,21,14,0.0
5,21,15,0.009805113077163696
5,21,16,0.0
5,21,17,0.0
5,21,18,0.01682286523282528
5,21,19,0.048755984753370285
5,21,20,0.15055450797080994
5,21,21,0.18940328061580658
5,21,22,0.21597608923912048
5,21,23,0.17930485308170319
5,22,0,0.10186636447906494
5,22,1,0.0015139696188271046
5,22,2,0.0
5,22,3,0.0
5,22,4,0.0
5,22,5,0.0
5,22,6,0.0
5,22,7,0.0007200695690698922
5,22,8,0.08563680946826935
5,22,9,0.13316144049167633
5,22,10,0.16983133554458618
5,22,11,0.1407690942287445
5,22,12,0.05487491190433502
5,22,13,0.012903884053230286
5,22,14,0.0
5,22,15,0.0
5,22,16,0.0
5,22,17,0.0
5,22,18,0.032553933560848236
5,22,19,0.11472783982753754
5,22,20,0.1633910834789276
5,22,21,0.17247536778450012
5,22,22,0.13632574677467346
5,22,23,0.11502841860055923
5,23,0,0.0
5,23,1,0.0
5,23,2,0.0
5,23,3,0.0
5,23,4,0.0
5,23,5,0.0
5,23,6,0.022037820890545845
5,23,7,0.1067713126540184
5,23,8,0.10575462132692337
5,23,9,0.13565459847450256
5,23,10,0.09215635806322098
5,23,11,0.008991767652332783
5,23,12,0.0
5,23,13,0.0
5,23,14,0.0
5,23,15,0.0
5,23,16,0.0
5,23,17,0.01655862107872963
5,23,18,0.09582106024026871
5,23,19,0.16940103471279144
5,23,20,0.19102150201797485
5,23,21,0.17844520509243011
5,23,22,0.09586668759584427
5,23,23,0.019570713862776756
6,0,0,0.0
6,0,1,0.0
6,0,2,0.0
6,0,3,0.0
6,0,4,0.0
6,0,5,0.06346424669027328
6,0,6,0.11764930933713913
6,0,7,0.13596956431865692
6,0,8,0.12225647270679474
6,0,9,0.05813764035701752
6,0,10,0.0248396173119545
6,0,11,0.0
6,0,12,0.0
6,0,13,0.0
6,0,14,0.0
6,0,15,0.0
6,0,16,0.03712666779756546
6,0,17,0.0814862847328186
6,0,18,0.13311155140399933
6,0,19,0.15044288337230682
6,0,20,0.13764967024326324
6,0,21,0.047358278185129166
6,0,22,0.0
6,0,23,0.0
6,1,0,0.0
6,1,1,0.0
6,1,2,0.0
6,1,3,0.0
6,1,4,0.06217890605330467
6,1,5,0.15842139720916748
6,1,6,0.18075232207775116
6,1,7,0.172124981880188
6,1,8,0.06196485459804535
6,1,9,0.023543071001768112
6,1,10,0.0
6,1,11,0.0
6,1,12,0.0
6,1,13,0.0
6,1,14,0.0
6,1,15,0.03582525625824928
6,1,16,0.1097809225320816
6,1,17,0.14873813092708588
6,1,18,0.12482663989067078
6,1,19,0.11096116900444031
6,1,20,0.034455306828022
6,1,21,0.0
6,1,22,0.0
6,1,23,0.0
6,2,0,0.0
6,2,1,0.0
6,2,2,0.0
6,2,3,0.08346349000930786
6,2,4,0.11150316148996353
6,2,5,0.13421781361103058
6,2,6,0.16835825145244598
6,2,7,0.10766738653182983
6,2,8,0.005809192545711994
6,2,9,0.0
6,2,10,0.0
6,2,11,0.0
6,2,12,0.0
6,2,13,0.0
6,2,14,0.03394939750432968
6,2,15,0.11944498121738434
6,2,16,0.12290233373641968
6,2,17,0.17081114649772644
6,2,18,0.11582884192466736
6,2,19,0.0039792549796402454
6,2,20,0.0
6,2,21,0.0
6,2,22,0.0
6,2,23,0.0
6,3,0,0.0
6,3,1,0.013532980345189571
6,3,2,0.02964835613965988
6,3,3,0.11897780746221542
6,3,4,0.155317485332489
6,3,5,0.12077362835407257
6,3,6,0.08292306959629059
6,3,7,0.0
6,3,8,0.0
6,3,9,0.0
6,3,10,0.0
6,3,11,0.0
6,3,12,0.0
6,3,13,0.020133759826421738
6,3,14,0.09830109030008316
6,3,15,0.13884486258029938
6,3,16,0.16387824714183807
6,3,17,0.13540403544902802
6,3,18,0.04723487049341202
6,3,19,0.0
6,3,20,0.0
6,3,21,0.0
6,3,22,0.0
6,3,23,0.0
6,4,0,0.0
6,4,1,0.06021515652537346
6,4,2,0.09309731423854828
6,4,3,0.1402829885482788
6,4,4,0.1397007554769516
6,4,5,0.11405986547470093
6,4,6,0.009729541838169098
6,4,7,0.0
6,4,8,0.0
6,4,9,0.0
6,4,10,0.0
6,4,11,0.0
6,4,12,0.01303250715136528
6,4,13,0.08644602447748184
6,4,14,0.13108134269714355
6,4,15,0.21531860530376434
6,4,16,0.15544457733631134
6,4,17,0.06908508390188217
6,4,18,0.022813482210040092
6,4,19,0.0
6,4,20,0.0
6,4,21,0.0
6,4,22,0.0
6,4,23,0.0
6,5,0,0.015555184334516525
6,5,1,0.14072957634925842
6,5,2,0.14381249248981476
6,5,3,0.15027320384979248
6,5,4,0.12951470911502838
6,5,5,0.0
6,5,6,0.0
6,5,7,0.0
6,5,8,0.0
6,5,9,0.0
6,5,10,0.0
6,5,11,0.044719841331243515
6,5,12,0.1114148497581482
6,5,13,0.11852596700191498
6,5,14,0.15139995515346527
6,5,15,0.18034017086029053
6,5,16,0.09980987012386322
6,5,17,0.003472351934760809
6,5,18,0.0
6,5,19,0.0
6,5,20,0.0
6,5,21,0.0
6,5,22,0.0035470998845994473
6,5,23,0.09716706722974777
6,6,0,0.11752525717020035
6,6,1,0.16065457463264465
6,6,2,0.11088251322507858
6,6,3,0.08944278955459595
6,6,4,0.02703908458352089
6,6,5,0.0
6,6,6,0.0
6,6,7,0.0
6,6,8,0.0
6,6,9,0.0
6,6,10,0.04861152172088623
6,6,11,0.10205229371786118
6,6,12,0.14386895298957825
6,6,13,0.17127424478530884
6,6,14,0.16412751376628876
6,6,15,0.10032113641500473
6,6,16,0.051909346133470535
6,6,17,0.0
6,6,18,0.0
6,6,19,0.0
6,6,20,0.02063368633389473
6,6,21,0.04596632719039917
6,6,22,0.1137683093547821
6,6,23,0.17945018410682678
6,7,0,0.1401919424533844
6,7,1,0.11270064115524292
6,7,2,0.07345195859670639
6,7,3,0.0
6,7,4,0.0
6,7,5,0.0
6,7,6,0.0
6,7,7,0.0
6,7,8,0.0
6,7,9,0.02573111280798912
6,7,10,0.09753686934709549
6,7,11,0.16132155060768127
6,7,12,0.18773874640464783
6,7,13,0.17412839829921722
6,7,14,0.16090552508831024
6,7,15,0.045728497207164764
6,7,16,0.033330339938402176
6,7,17,0.0012797883246093988
6,7,18,0.0
6,7,19,0.07831304520368576
6,7,20,0.15601561963558197
6,7,21,0.17963069677352905
6,7,22,0.24013109505176544
6,7,23,0.21133166551589966
6,8,0,0.11028782278299332
6,8,1,0.10323718190193176
6,8,2,0.0
6,8,3,0.0
6,8,4,0.0
6,8,5,0.0
6,8,6,0.0
6,8,7,0.0
6,8,8,0.0
6,8,9,0.08283413201570511
6,8,10,0.16137538850307465
6,8,11,0.19923686981201172
6,8,12,0.18917784094810486
6,8,13,0.10938025265932083
6,8,14,0.09246450662612915
6,8,15,0.023141538724303246
6,8,16,0.07120604813098907
6,8,17,0.04524547979235649
6,8,18,0.15940424799919128
6,8,19,0.1997632384300232
6,8,20,0.3258044421672821
6,8,21,0.34059566259384155
6,8,22,0.3072044551372528
6,8,23,0.26765647530555725
6,9,0,0.09789520502090454
6,9,1,0.026186266914010048
6,9,2,0.0
6,9,3,0.0
6,9,4,0.0
6,9,5,0.0
6,9,6,0.0
6,9,7,0.002648827387019992
6,9,8,0.10270627588033676
6,9,9,0.17813333868980408
6,9,10,0.20612496137619019
6,9,11,0.17303407192230225
6,9,12,0.12229399383068085
6,9,13,0.08658920228481293
6,9,14,0.03197115287184715
6,9,15,0.05198809877038002
6,9,16,0.09056577831506729
6,9,17,0.16869764029979706
6,9,18,0.301877498626709
6,9,19,0.38908252120018005
6,9,20,0.45271438360214233
6,9,21,0.45011043548583984
6,9,22,0.38741612434387207
6,9,23,0.291069358587265
6,10,0,0.004272447433322668
6,10,1,0.0
6,10,2,0.0
6,10,3,0.0
6,10,4,0.0
6,10,5,0.0
6,10,6,0.01848699524998665
6,10,7,0.08280591666698456
6,10,8,0.13859722018241882
6,10,9,0.14389970898628235
6,10,10,0.17217814922332764
6,10,11,0.12443334609270096
6,10,12,0.06782039999961853
6,10,13,0.07274024933576584
6,10,14,0.04740019142627716
6,10,15,0.17886848747730255
6,10,16,0.22212016582489014
6,10,17,0.3598094582557678
6,10,18,0.4642623960971832
6,10,19,0.5567121505737305
6,10,20,0.5814862847328186
6,10,21,0.5104110240936279
6,10,22,0.43925735354423523
6,10,23,0.26705220341682434
6,11,0,0.0
6,11,1,0.0
6,11,2,0.0
6,11,3,0.0
6,11,4,0.0
6,11,5,0.0009102799231186509
6,11,6,0.1466483771800995
6,11,7,0.13994169235229492
6,11,8,0.13038523495197296
6,11,9,0.1217818483710289
6,11,10,0.08562970161437988
6,11,11,0.04593438282608986
6,11,12,0.018097393214702606
6,11,13,0.037987999618053436
6,11,14,0.08461207896471024
6,11,15,0.227214515209198
6,11,16,0.3541925847530365
6,11,17,0.5069299936294556
6,11,18,0.610643208026886
6,11,19,0.6502548456192017
6,11,20,0.6642321944236755
6,11,21,0.5567150115966797
6,11,22,0.417218953371048
6,11,23,0.24130165576934814
6,12,0,0.0
6,12,1,0.0
6,12,2,0.0
6,12,3,0.0
6,12,4,0.028387127444148064
6,12,5,0.09949713200330734
6,12,6,0.12275568395853043
6,12,7,0.12435763329267502
6,12,8,0.1122356727719307
6,12,9,0.08268661797046661
6,12,10,0.025615092366933823
6,12,11,0.0
6,12,12,0.0
6,12,13,0.03767064958810806
6,12,14,0.16996128857135773
6,12,15,0.3129589557647705
6,12,16,0.4819384515285492
6,12,17,0.6353525519371033
6,12,18,0.7350038290023804
6,12,19,0.7134914994239807
6,12,20,0.6617356538772583
6,12,21,0.5544110536575317
6,12,22,0.3504846394062042
6,12,23,0.2251289039850235
6,13,0,0.0
6,13,1,0.0
6,13,2,0.0
6,13,3,0.03881407156586647
6,13,4,0.08505522459745407
6,13,5,0.16298894584178925
6,13,6,0.1595783531665802
6,13,7,0.11319466680288315
6,13,8,0.06941306591033936
6,13,9,0.0
6,13,10,0.0
6,13,11,0.0
6,13,12,0.0
6,13,13,0.110158771276474
6,13,14,0.28528526425361633
6,13,15,0.42806777358055115
6,13,16,0.6298986673355103
6,13,17,0.7313549518585205
6,13,18,0.7376798391342163
6,13,19,0.7539061903953552
6,13,20,0.6759052276611328
6,13,21,0.5148691534996033
6,13,22,0.3821095824241638
6,13,23,0.23922578990459442
6,14,0,0.0
6,14,1,0.0
6,14,2,0.020514218136668205
6,14,3,0.0790025144815445
6,14,4,0.12179962545633316
6,14,5,0.1479351967573166
6,14,6,0.12858138978481293
6,14,7,0.023388352245092392
6,14,8,0.0
6,14,9,0.0
6,14,10,0.0
6,14,11,0.0
6,14,12,0.03264985606074333
6,14,13,0.1975516527891159
6,14,14,0.3767053484916687
6,14,15,0.5319244265556335
6,14,16,0.6624592542648315
6,14,17,0.6911168694496155
6,14,18,0.7395423650741577
6,14,19,0.6421786546707153
6,14,20,0.5641955733299255
6,14,21,0.44859185814857483
6,14,22,0.3490743339061737
6,14,23,0.27271485328674316
6,15,0,0.0
6,15,1,0.0
6,15,2,0.1081516221165657
6,15,3,0.1434544175863266
6,15,4,0.17132748663425446
6,15,5,0.11346269398927689
6,15,6,0.020320739597082138
6,15,7,0.0
6,15,8,0.0
6,15,9,0.0
6,15,10,0.0
6,15,11,0.017656831070780754
6,15,12,0.09063076227903366
6,15,13,0.24944934248924255
6,15,14,0.40592435002326965
6,15,15,0.50441974401474
6,15,16,0.6115724444389343
6,15,17,0.6633140444755554
6,15,18,0.5975261926651001
6,15,19,0.554723858833313
6,15,20,0.41412442922592163
6,15,21,0.3938383460044861
6,15,22,0.332332968711853
6,15,23,0.2904011905193329
6,16,0,0.036974985152482986
6,16,1,0.08413100242614746
6,16,2,0.13605381548404694
6,16,3,0.14044952392578125
6,16,4,0.07518447935581207
6,16,5,0.02389516308903694
6,16,6,0.0
6,16,7,0.0
6,16,8,0.0
6,16,9,0.0
6,16,10,0.0
6,16,11,0.06409090757369995
6,16,12,0.16286838054656982
6,16,13,0.32470691204071045
6,16,14,0.38746726512908936
6,16,15,0.4913201928138733
6,16,16,0.473073810338974
6,16,17,0.515174925327301
6,16,18,0.4544954299926758
6,16,19,0.4009501039981842
6,16,20,0.3797852098941803
6,16,21,0.36489903926849365
6,16,22,0.33878764510154724
6,16,23,0.35688209533691406
6,17,0,0.07898089289665222
6,17,1,0.15196627378463745
6,17,2,0.15671484172344208
6,17,3,0.11198429763317108
6,17,4,0.03693718835711479
6,17,5,0.0
6,17,6,0.0
6,17,7,0.0
6,17,8,0.0
6,17,9,0.0
6,17,10,0.07259143143892288
6,17,11,0.1273634433746338
6,17,12,0.22865259647369385
6,17,13,0.3129708170890808
6,17,14,0.3267766535282135
6,17,15,0.3539271950721741
6,17,16,0.3443218171596527
6,17,17,0.3477669656276703
6,17,18,0.31383460760116577
6,17,19,0.31440338492393494
6,17,20,0.34263893961906433
6,17,21,0.35798829793930054
6,17,22,0.3573521375656128
6,17,23,0.3534158170223236
6,18,0,0.16225142776966095
6,18,1,0.16331014037132263
6,18,2,0.08097220212221146
6,18,3,0.039228491485118866
6,18,4,0.0
6,18,5,0.0
6,18,6,0.0
6,18,7,0.0
6,18,8,0.0
6,18,9,0.0
6,18,10,0.07003602385520935
6,18,11,0.16294969618320465
6,18,12,0.2276073694229126
6,18,13,0.2521953284740448
6,18,14,0.210482656955719
6,18,15,0.21726465225219727
6,18,16,0.20166665315628052
6,18,17,0.1839761584997177
6,18,18,0.19667810201644897
6,18,19,0.2464386224746704
6,18,20,0.26415249705314636
6,18,21,0.30063390731811523
6,18,22,0.35453248023986816
6,18,23,0.37149882316589355
6,19,0,0.1815730631351471
6,19,1,0.12870937585830688
6,19,2,0.016041651368141174
6,19,3,0.0
6,19,4,0.0
6,19,5,0.0
6,19,6,0.0
6,19,7,0.0
6,19,8,0.0
6,19,9,0.07496429234743118
6,19,10,0.15701282024383545
6,19,11,0.16893218457698822
6,19,12,0.18601395189762115
6,19,13,0.11467482894659042
6,19,14,0.11489369720220566
6,19,15,0.07808982580900192
6,19,16,0.05069883167743683
6,19,17,0.08933365345001221
6,19,18,0.1323471963405609
6,19,19,0.1570778489112854
6,19,20,0.27753204107284546
6,19,21,0.30616357922554016
6,19,22,0.3487393856048584
6,19,23,0.28175899386405945
6,20,0,0.11365920305252075
6,20,1,0.03972073271870613
6,20,2,0.0
6,20,3,0.0
6,20,4,0.0
6,20,5,0.0
6,20,6,0.0
6,20,7,0.0
6,20,8,0.05897511541843414
6,20,9,0.11532706767320633
6,20,10,0.17622175812721252
6,20,11,0.1546505093574524
6,20,12,0.10269062221050262
6,20,13,0.05935100466012955
6,20,14,0.015486931428313255
6,20,15,0.0
6,20,16,0.027200253680348396
6,20,17,0.02431144006550312
6,20,18,0.11309826374053955
6,20,19,0.20823904871940613
6,20,20,0.2684582769870758
6,20,21,0.29137465357780457
6,20,22,0.2547503113746643
6,20,23,0.21316659450531006
6,21,0,0.023904509842395782
6,21,1,0.0
6,21,2,0.0
6,21,3,0.0
6,21,4,0.0
6,21,5,0.0
6,21,6,0.0
6,21,7,0.051116276532411575
6,21,8,0.08502504229545593
6,21,9,0.1445002555847168
6,21,10,0.15285412967205048
6,21,11,0.11484506726264954
6,21,12,0.016641128808259964
6,21,13,0.0
6,21,14,0.0
6,21,15,0.0
6,21,16,0.0
6,21,17,0.07486533373594284
6,21,18,0.14137578010559082
6,21,19,0.20949211716651917
6,21,20,0.2113518863916397
6,21,21,0.2124100774526596
6,21,22,0.2051551192998886
6,21,23,0.1098194271326065
6,22,0,0.0
6,22,1,0.0
6,22,2,0.0
6,22,3,0.0
6,22,4,0.0
6,22,5,0.0
6,22,6,0.055546097457408905
6,22,7,0.11800166219472885
6,22,8,0.17212602496147156
6,22,9,0.11904437094926834
6,22,10,0.14429184794425964
6,22,11,0.022422295063734055
6,22,12,0.0
6,22,13,0.0
6,22,14,0.0
6,22,15,0.0
6,22,16,0.0
6,22,17,0.10790842771530151
6,22,18,0.1545935571193695
6,22,19,0.2145908623933792
6,22,20,0.19273345172405243
6,22,21,0.18757754564285278
6,22,22,0.08688440173864365
6,22,23,0.010113759897649288
6,23,0,0.0
6,23,1,0.0
6,23,2,0.0
6,23,3,0.0
6,23,4,0.0
6,23,5,0.04764668270945549
6,23,6,0.1418456882238388
6,23,7,0.14308564364910126
6,23,8,0.1279645413160324
6,23,9,0.10364237427711487
6,23,10,0.0
6,23,11,0.0
6,23,12,0.0
6,23,13,0.0
6,23,14,0.0
6,23,15,0.0
6,23,16,0.0761343389749527
6,23,17,0.11060298979282379
6,23,18,0.18474766612052917
6,23,19,0.1706533432006836
6,23,20,0.14882294833660126
6,23,21,0.09742338955402374
6,23,22,0.0
6,23,23,0.0
