input_text,target_summary
The startup published a sustainability plan after several months of internal review and consultation with stakeholders. Officials said the decision is expected to help with improving operations over the next few quarters. Additional commentary noted that implementation will happen in phases and that teams will monitor risks closely.,startup published a sustainability plan to support improving operations.
The startup announced a new policy after several months of internal review and consultation with stakeholders. Officials said the decision is expected to help with improving outcomes over the next few quarters. Additional commentary noted that implementation will happen in phases and that teams will monitor risks closely.,startup announced a new policy to support improving outcomes.
The research team announced a service disruption after several months of internal review and consultation with stakeholders. Officials said the decision is expected to help with improving operations over the next few quarters. Additional commentary noted that implementation will happen in phases and that teams will monitor risks closely.,research team announced a service disruption to support improving operations.
The hospital approved a safety update after several months of internal review and consultation with stakeholders. Officials said the decision is expected to help with reducing costs over the next few quarters. Additional commentary noted that implementation will happen in phases and that teams will monitor risks closely.,hospital approved a safety update to support reducing costs.
The company approved a new policy after several months of internal review and consultation with stakeholders. Officials said the decision is expected to help with boosting efficiency over the next few quarters. Additional commentary noted that implementation will happen in phases and that teams will monitor risks closely.,company approved a new policy to support boosting efficiency.
The university reported a technology roadmap after several months of internal review and consultation with stakeholders. Officials said the decision is expected to help with strengthening compliance over the next few quarters. Additional commentary noted that implementation will happen in phases and that teams will monitor risks closely.,university reported a technology roadmap to support strengthening compliance.
The government announced a new policy after several months of internal review and consultation with stakeholders. Officials said the decision is expected to help with reducing costs over the next few quarters. Additional commentary noted that implementation will happen in phases and that teams will monitor risks closely.,government announced a new policy to support reducing costs.
The hospital confirmed a funding round after several months of internal review and consultation with stakeholders. Officials said the decision is expected to help with strengthening compliance over the next few quarters. Additional commentary noted that implementation will happen in phases and that teams will monitor risks closely.,hospital confirmed a funding round to support strengthening compliance.
The government published a service disruption after several months of internal review and consultation with stakeholders. Officials said the decision is expected to help with expanding access over the next few quarters. Additional commentary noted that implementation will happen in phases and that teams will monitor risks closely.,government published a service disruption to support expanding access.
The government reported a sustainability plan after several months of internal review and consultation with stakeholders. Officials said the decision is expected to help with reducing costs over the next few quarters. Additional commentary noted that implementation will happen in phases and that teams will monitor risks closely.,government reported a sustainability plan to support reducing costs.
The startup reported a sustainability plan after several months of internal review and consultation with stakeholders. Officials said the decision is expected to help with expanding access over the next few quarters. Additional commentary noted that implementation will happen in phases and that teams will monitor risks closely.,startup reported a sustainability plan to support expanding access.
The startup expanded a service disruption after several months of internal review and consultation with stakeholders. Officials said the decision is expected to help with supporting citizens over the next few quarters. Additional commentary noted that implementation will happen in phases and that teams will monitor risks closely.,startup expanded a service disruption to support supporting citizens.
The government launched a funding round after several months of internal review and consultation with stakeholders. Officials said the decision is expected to help with improving outcomes over the next few quarters. Additional commentary noted that implementation will happen in phases and that teams will monitor risks closely.,government launched a funding round to support improving outcomes.
The university confirmed a new policy after several months of internal review and consultation with stakeholders. Officials said the decision is expected to help with improving operations over the next few quarters. Additional commentary noted that implementation will happen in phases and that teams will monitor risks closely.,university confirmed a new policy to support improving operations.
The company announced a funding round after several months of internal review and consultation with stakeholders. Officials said the decision is expected to help with accelerating deployment over the next few quarters. Additional commentary noted that implementation will happen in phases and that teams will monitor risks closely.,company announced a funding round to support accelerating deployment.
The startup confirmed a service disruption after several months of internal review and consultation with stakeholders. Officials said the decision is expected to help with reducing costs over the next few quarters. Additional commentary noted that implementation will happen in phases and that teams will monitor risks closely.,startup confirmed a service disruption to support reducing costs.
The university approved a service disruption after several months of internal review and consultation with stakeholders. Officials said the decision is expected to help with improving outcomes over the next few quarters. Additional commentary noted that implementation will happen in phases and that teams will monitor risks closely.,university approved a service disruption to support improving outcomes.
The energy provider approved a technology roadmap after several months of internal review and consultation with stakeholders. Officials said the decision is expected to help with strengthening compliance over the next few quarters. Additional commentary noted that implementation will happen in phases and that teams will monitor risks closely.,energy provider approved a technology roadmap to support strengthening compliance.
The government reported a safety update after several months of internal review and consultation with stakeholders. Officials said the decision is expected to help with reducing costs over the next few quarters. Additional commentary noted that implementation will happen in phases and that teams will monitor risks closely.,government reported a safety update to support reducing costs.
The research team expanded a funding round after several months of internal review and consultation with stakeholders. Officials said the decision is expected to help with expanding access over the next few quarters. Additional commentary noted that implementation will happen in phases and that teams will monitor risks closely.,research team expanded a funding round to support expanding access.
The startup confirmed a funding round after several months of internal review and consultation with stakeholders. Officials said the decision is expected to help with supporting citizens over the next few quarters. Additional commentary noted that implementation will happen in phases and that teams will monitor risks closely.,startup confirmed a funding round to support supporting citizens.
The city council published a safety update after several months of internal review and consultation with stakeholders. Officials said the decision is expected to help with boosting efficiency over the next few quarters. Additional commentary noted that implementation will happen in phases and that teams will monitor risks closely.,city council published a safety update to support boosting efficiency.
The hospital launched a funding round after several months of internal review and consultation with stakeholders. Officials said the decision is expected to help with boosting efficiency over the next few quarters. Additional commentary noted that implementation will happen in phases and that teams will monitor risks closely.,hospital launched a funding round to support boosting efficiency.
The startup expanded a product release after several months of internal review and consultation with stakeholders. Officials said the decision is expected to help with strengthening compliance over the next few quarters. Additional commentary noted that implementation will happen in phases and that teams will monitor risks closely.,startup expanded a product release to support strengthening compliance.
The hospital investigated a new policy after several months of internal review and consultation with stakeholders. Officials said the decision is expected to help with improving outcomes over the next few quarters. Additional commentary noted that implementation will happen in phases and that teams will monitor risks closely.,hospital investigated a new policy to support improving outcomes.
The university launched a funding round after several months of internal review and consultation with stakeholders. Officials said the decision is expected to help with reducing costs over the next few quarters. Additional commentary noted that implementation will happen in phases and that teams will monitor risks closely.,university launched a funding round to support reducing costs.
The energy provider approved a clinical study after several months of internal review and consultation with stakeholders. Officials said the decision is expected to help with improving outcomes over the next few quarters. Additional commentary noted that implementation will happen in phases and that teams will monitor risks closely.,energy provider approved a clinical study to support improving outcomes.
The energy provider launched a technology roadmap after several months of internal review and consultation with stakeholders. Officials said the decision is expected to help with strengthening compliance over the next few quarters. Additional commentary noted that implementation will happen in phases and that teams will monitor risks closely.,energy provider launched a technology roadmap to support strengthening compliance.
The company published a product release after several months of internal review and consultation with stakeholders. Officials said the decision is expected to help with expanding access over the next few quarters. Additional commentary noted that implementation will happen in phases and that teams will monitor risks closely.,company published a product release to support expanding access.
The startup announced a technology roadmap after several months of internal review and consultation with stakeholders. Officials said the decision is expected to help with expanding access over the next few quarters. Additional commentary noted that implementation will happen in phases and that teams will monitor risks closely.,startup announced a technology roadmap to support expanding access.
