unit_id,cycle,failure_label,sensor_1,sensor_2,sensor_3,sensor_4,sensor_5,sensor_6,sensor_7,sensor_8
104,1,0,0.2171933506305167,0.2614941937409579,-0.28958173708695323,-0.057028814472384295,0.46017735058506054,-0.1578576283671198,-0.5848992651146823,0.4335644841357641
104,2,0,0.3709921037701098,0.24321711093883974,-0.1972414997837125,-0.07928474924394183,0.17075666689107336,-0.1730416910709009,-0.6491559705635669,0.6355666559229888
104,3,0,0.27032301597013725,0.43785748230804455,-0.2602245406740824,-0.14046441173562252,0.22347264716180928,-0.14640932701730164,-0.5733837734585183,0.5878634823478314
104,4,0,0.2919279749757276,0.38202637621627156,-0.2380059577861361,-0.21218830113646253,0.20917830539061155,-0.26943492650231476,-0.6085881533904405,0.5534385013821121
104,5,0,0.31932144566669246,0.39882978789962265,-0.17025581084492458,-0.20746557561496867,0.32622508811911755,-0.26701122842467,-0.4368500043651012,0.5124304565931881
104,6,0,0.33624769525651815,0.32053696146074734,-0.16995650435979306,-0.1562135503704169,0.2760114320323618,-0.1506361989480016,-0.37575445367064053,0.43128062678534007
104,7,0,0.3346827925887629,0.3991635856224576,-0.29460843074653165,-0.2210502990506425,0.27555628302399887,-0.2278023781506754,-0.3858976998401838,0.5168541622398504
104,8,0,0.3956980874971653,0.18946642209842696,-0.45416732386246533,-0.19322512997180635,0.39606188361556904,-0.19437141077723966,-0.33896956333140205,0.5367695704936299
104,9,0,0.4612961403433687,0.31942683099792524,-0.4194136627808397,-0.2869921650064422,0.4955485584927795,-0.19869426520928263,-0.27816323335375315,0.45429289280432694
104,10,0,0.5010245479739475,0.1471699444021834,-0.42970118846380045,-0.24920846967485275,0.44743504486391666,-0.17066749131275263,-0.2230361313115599,0.42871227002360984
104,11,0,0.5345976184957052,0.18596027678884708,-0.3508544588186756,-0.44449495542768536,0.3674044118692896,-0.08181059927006348,-0.22175127636374387,0.542792906828013
104,12,0,0.4469785751807546,0.1160569391889248,-0.2923608121965336,-0.33959956275711933,0.43675468330138023,-0.1757331288007948,-0.11842052425895105,0.4939972085990488
104,13,0,0.5555251532201786,0.28676074252875816,-0.2099842578864326,-0.3006946922950303,0.42609267337201817,-0.05081775506366294,-0.24488589015663492,0.3591407978956073
104,14,0,0.5845294248379513,0.09014884845004888,-0.3138332443207166,-0.4712502186107217,0.5359881924060633,-0.28443846339559076,-0.22597362433659984,0.20872514615250795
104,15,0,0.445861319631038,0.010239179557560221,-0.28638660980702385,-0.26246125382458707,0.835790274332884,-0.05591742890139879,-0.28211663728271075,0.3769334216565518
104,16,0,0.31145800851603966,0.0846698147685529,-0.2700512792358901,-0.4784836101433849,0.6010579948378894,-0.2706903778074209,-0.31652043455048684,0.37524007616285643
104,17,0,0.36485762018392087,0.21422655795078124,-0.14998128305062475,-0.43630393204199724,0.6634348545414601,-0.11126439793849208,-0.23180516212378977,0.3093770190747806
104,18,0,0.3159428813333058,0.04164356778863016,-0.18162780528084105,-0.2559523418776015,0.6689205850018507,-0.19899563807943307,-0.33401357449457947,0.17286991359737303
104,19,0,0.3929301312073773,0.028489216742182487,-0.3059201330762473,-0.27270199926175465,0.6457245160211722,0.07195967237107902,-0.22492771911145532,0.2941417309812168
104,20,0,0.5158809298796496,-0.02175028155440608,-0.3407954397815621,-0.2941804681504071,0.7747580016907314,-0.1290042568289174,-0.22617139164301522,0.10711745445475479
104,21,0,0.30654111785697147,-0.07185619576071231,-0.18901851715775406,-0.14583080528954684,0.7018261742492449,-0.23318078750094573,-0.4545010342856525,0.2821005824729093
104,22,0,0.401555634481169,-0.04540372737378439,-0.23519268449297245,-0.16882389501774525,0.862360389860121,-0.47521001517701966,-0.3656974234437715,0.18013279929179732
104,23,0,0.32079690317530346,-0.17163402771021607,-0.1626318490841377,-0.12778330896011558,0.7942627012591752,-0.26325887801185116,-0.1964522869806688,0.06402966476908514
104,24,0,0.3802485492398835,-0.031093245357603848,-0.07086098037542096,-0.27735628930994116,0.7584247892952447,-0.4216074589846638,-0.3495963448962467,-0.019762739909128513
104,25,0,0.22967793705377118,0.09983107460348922,-0.12277758355677473,-0.04777350754640147,0.6745183316494665,-0.2994202997545979,-0.18555814306213092,-0.059164036261618286
104,26,0,0.5047844866112376,-0.0732187086492409,0.0313016265193155,-0.41380626039447993,0.8969630960454233,-0.4260854058834752,-0.4140568469428816,-0.07024978699109014
104,27,0,0.6218795870211362,-0.2597677601092775,0.10603653944128574,-0.3230819741800567,0.8334743675044306,-0.6657861574862484,-0.12133679750522083,0.12099522634182226
104,28,0,0.4220549315993529,0.009950177997615191,0.17024012513991243,-0.2929574632606411,0.7835950531036864,-0.5781026931710919,-0.2524419494033808,0.0011443464854242053
104,29,0,0.39888419089081273,-0.046264774609086984,0.1143846549930213,-0.4377219231421431,0.9200966667861098,-0.26199921434239526,-0.3979447090903628,0.11779304814271083
104,30,0,0.46159537235699843,-0.06537227426519496,0.050872639593679554,-0.3057629007972821,0.81343477230638,-0.5677895279067355,-0.25313149616360525,0.12491968938385077
104,31,0,0.5318068588017298,-0.29139112735922384,0.0747555999675257,-0.3089457460211352,0.8910905909311004,-0.26910390274656604,-0.28154594256574866,0.01689139760744042
104,32,0,0.33495104903333495,-0.05065155493524626,-0.09888083077988265,-0.46488465489803854,0.9246472852654227,-0.51512205969995,-0.2752381043919208,-0.04639985934122767
104,33,0,0.6900517317812631,-0.0695618872119999,0.2165709094509129,-0.3428280673596526,1.00238075749219,-0.6774103012381998,-0.18642687867343383,-0.07732501574670698
104,34,0,0.6129655162736777,-0.02601662130485552,0.05130910976238734,-0.2484868543019975,1.0160498056371956,-0.4967014202007829,-0.2355184640235633,-0.006905618108075204
104,35,0,0.5876458441793903,-0.29546749440965325,-0.04171006083723823,-0.5936471011624425,0.8050349096906853,-0.6553166265894569,-0.20258112696526004,0.04840253326549554
104,36,0,0.7220578551566129,0.11935522308980422,0.22893283442136236,-0.5152192239434248,0.560034112623167,-0.6187870833509441,-0.07709525178634533,0.07223494332209288
104,37,0,0.4144356012152435,-0.15299918422430545,0.2308521887504271,-0.42972078036763234,0.5349471017424543,-0.8783148651774272,0.020369240737805924,-0.04642677729847317
104,38,0,0.5233865635820661,-0.0903187270240414,-0.004999376150392809,-0.7016021181081334,0.7659593766325471,-0.7427886325838458,-0.11395828252513408,0.01991901170882447
104,39,0,0.6073140146003586,-0.14487875876010015,0.291272998907184,-0.5955589353331949,0.7812516414757672,-0.6846523078586235,-0.20967157575593107,-0.16299552859571953
104,40,0,0.6854302491974446,-0.0834787638687571,0.3112177449805492,-0.5807839425844088,0.7937589186912011,-0.8301226095669073,0.010433495576246371,0.023305042204034725
104,41,0,0.6820325762552653,-0.13213378665136621,0.3913289425853707,-0.6427663222103749,0.8942988246191694,-0.763212033880873,-0.2234001385029232,-0.0600985469294708
104,42,0,0.5685781679628057,-0.03697791843085695,0.5085673658685743,-0.5328668476130118,0.745347929471345,-0.42343984644147215,0.17381664361709773,0.2242294288806141
104,43,0,0.7720778783510559,-0.20248278753466484,0.33221557020040166,-0.8433400798181158,0.8454016147114998,-0.7054091713823948,0.10993489676276896,-0.07873421245473285
104,44,0,0.6814739000319684,-0.0946921024736139,0.0768495368206684,-0.6583345810040505,0.7908548538823522,-0.746303688964719,0.2775474690575905,-0.010715287787640512
104,45,0,0.9210072512116669,-0.2189836759069378,0.3345467325632316,-0.9288857385380916,0.6971236165789387,-0.6410083180686488,-0.011279747664396053,-0.11842664075180312
104,46,0,1.1367277331402386,-0.17336980866695345,0.29989334364461967,-0.6793736701278432,1.0489345529466292,-0.5505766114816052,0.11866481383455045,-0.11620424747794653
104,47,0,0.7385537916820845,0.18926996504660543,-0.005093029565976279,-0.8145262177454626,0.7830298873615232,-0.6812646004727064,0.1413184378984599,-0.27034142486017465
104,48,0,1.0938854928682764,-0.19195761808264528,0.4016807476202362,-0.608358487794488,0.6955097204019292,-0.4337365681513871,0.10191568085690725,-0.08694988101422417
104,49,0,1.0621884977182088,-0.4624001562523147,0.2165744990627305,-0.7886855542015343,0.8286767486534177,-0.3790979635604095,-0.04487144510491807,-0.28760444680462927
104,50,0,0.5374127996933231,-0.10735536609341294,0.378734354516688,-0.9504521823025976,0.8963400637102668,-0.8101308077102817,0.3893933938734266,-0.0919166956256385
104,51,0,0.8151299165428433,-0.029635763767537467,0.0023461579036013758,-0.7391862343760002,1.0116518475830178,-0.4558739106914889,0.3107958271702824,0.07713347305669564
104,52,0,1.0618674858944916,-0.585666918904603,0.36527135342254424,-0.8552816693676822,1.1215771467271085,-0.5624365136922059,0.17858295201688146,-0.3392868375989292
104,53,0,0.9343192138952822,-0.42263487850851106,0.06787106777777338,-0.9598591157548568,0.8719704764144909,-0.5325832424589467,0.006547179573579892,-0.48454724387010245
104,54,0,0.6425278373173855,-0.48045668638164574,0.01208234566157911,-0.7216997628747535,1.134461612770113,-0.2676079123489599,0.5577750679093064,0.07677013691797593
104,55,0,0.8523882787869816,-0.5597537143494995,0.22952437749570434,-1.0132892814530532,1.052021905457365,-0.7966845329567668,0.1297261007295904,-0.2690422137537977
104,56,0,1.058994869850489,-0.5169144915423667,0.43948703781522963,-0.8604617221590031,1.1025485265961805,-0.57034159754474,0.4055224612160687,-0.1974221713398724
104,57,0,0.768691888578499,-0.48156440057288413,0.05618976332939402,-0.9687493882270426,1.5240593924682087,-0.6802779685798245,-0.15443099923522194,-0.49759971533536385
104,58,0,0.8537599860964663,-0.2181325185885272,0.42836046144172785,-0.44148354236303455,1.2552141799714345,-0.8113542421511095,-0.06025202421091683,-0.131013166608469
104,59,0,0.8613468879923385,-0.4286702090263109,0.09686128832699387,-0.9749665170780186,1.1091666269174074,-0.9131911971530056,0.08136075124624262,-0.38818540570968024
104,60,0,0.9021377157342556,-0.21964956023222837,0.6709445137348055,-0.8822547595780388,0.8451482312974838,-0.3679687092256966,0.11315223270154723,-0.10594244975729417
104,61,0,0.7310332547296259,-0.18512730322470078,0.09637228250221044,-0.422845585857719,1.4640667368899138,-0.6784443240635325,-0.21547632285914942,-0.4511285921251096
104,62,0,1.0461952393372775,-0.26833947162249366,0.015990074683021077,-0.8730011080864873,0.9423230680813911,-0.6698229641930475,-0.02732257210147146,-0.17458218706080392
104,63,0,0.7756145775399853,-0.628416906840121,-0.030853508146025804,-0.38730969069702437,1.3436289593650246,-1.1223102909451774,0.17511765932096274,-0.08900815259865408
104,64,0,0.7022869705957505,-0.6368428435155382,0.7316842237663297,-1.0552260341288386,1.6058231489788435,-1.1730765763204691,-0.14712973905128834,-0.4391650450475346
104,65,1,0.9872492444879128,-0.4237248735577028,0.3993983112050911,-0.36025572327066613,1.3620164340416478,-1.1780553219371706,0.48268478483787863,-0.5744442667933514
104,66,1,1.0858818780142574,-0.35208672759135,0.8476079129247553,-0.727852189801047,1.326507897235775,-0.5376969100375142,0.09507102129758137,-0.1389689646440878
104,67,1,0.9133880856409496,-0.33703345850037925,0.7347604691481184,-1.0163843338841974,1.3380300187007914,-0.836553915043326,0.2442541433087902,-0.6525790225420978
104,68,1,0.9890758366159293,-0.6955393614343753,0.6178277960092812,-0.796070507563452,1.2068379492839747,-1.3009590459796407,0.2844948308958665,-0.35869345583321466
104,69,1,0.879155160878353,-0.3970282407193711,0.3770107221919881,-1.0633498728869593,1.3507289223068324,-0.9135863439572067,0.12577726983431237,-0.4631391954344087
104,70,1,0.9647098068388953,-0.2549068222117413,0.7035917286336141,-0.4281469806676216,1.2884353732575795,-1.2270253131226045,0.5525780263484947,-0.2763449979069725
105,1,0,-0.006072703429995718,0.37423586773843753,0.6853453927458736,0.12605410545568962,-0.3097806058123849,0.1636779680706284,0.1042996732975638,-0.36698124095598883
105,2,0,0.19672798527168914,0.4229812404734984,0.3617191095552721,0.05757820120590135,-0.25573575831914563,0.3457031707323599,-0.1246245660293413,-0.2021586250680822
105,3,0,0.21644550474495933,0.2391772220569853,0.5631518150633271,0.1448184886523574,-0.34739817532948647,0.18518271828408567,0.1587188430596303,-0.26281016340740054
105,4,0,0.23563212194000854,0.44709453802696686,0.4561344699111827,-0.031578877676165434,-0.30712343382932705,0.17338329095111654,0.1685315292137914,-0.38099407192011
105,5,0,0.17419348014108743,0.41565339171590426,0.4664009319378133,-0.03754964356220388,-0.17403686940149787,0.15503912391158353,0.20668480874490464,-0.4967426912736052
105,6,0,0.33789251351298033,0.2119945409977964,0.47686473481376135,0.04899276392445474,-0.19070124925323412,0.26272937016279474,0.13062833817957445,-0.5803718460725379
105,7,0,0.17689647325773258,0.24486122760765025,0.43682719330080666,-0.03519993827452843,-0.026482335688388897,0.11737952075458005,0.2470412798298013,-0.45252512439841863
105,8,0,0.23435114457873238,0.3493876158966923,0.6324276284809913,-0.1624052547205589,-0.060016254546636796,0.3260935002183504,0.25468344021860057,-0.4219743179464084
105,9,0,0.40586425714173385,0.17048962404695003,0.48003944112690217,-0.21715806281965072,-0.26530239779108183,0.2861736668944411,0.20196222509646208,-0.6293155934646446
105,10,0,0.34483330628220527,0.27991335121170746,0.43726122100409054,-0.0962316300422326,-0.008572255349123759,0.1296709576619634,0.0795553423804594,-0.5013910788745893
105,11,0,0.37394982490127116,0.2505747405744801,0.4149522944119518,-0.049417339869941304,-0.18087822067592424,0.1212966757708417,0.24534067805624526,-0.6951441731490919
105,12,0,0.30601101177746404,0.26486488160052013,0.566143252649199,-0.13515725015345134,-0.04190695740507511,0.35229110649001644,0.27564220130852196,-0.6990924811846261
105,13,0,0.33121326781501703,-0.01914955848133154,0.40145332407332307,-0.13835812307665182,-0.09578213813443795,0.4162476759764646,0.3798032884453476,-0.66667533034629
105,14,0,0.4305144927491387,0.10238288034774631,0.47739448293262904,-0.08875453838091732,-0.12722179376781306,0.26113181386670603,0.4039655924343518,-0.5707349096382908
105,15,0,0.3949757887631273,0.13890359302027483,0.3855597729355383,-0.2332173750215526,0.10833654247454723,0.4264904199008557,0.2147243436685335,-0.6223209446334648
105,16,0,0.450869403794718,0.04213128606537935,0.35653600774665073,-0.09437674311290407,0.16994640558205582,0.1150084059911042,0.3177909560224801,-0.8415613597850755
105,17,0,0.4673294911498523,0.1359542601424011,0.41201013063134906,-0.14734404886079513,0.12035122013706268,0.08846979281623121,0.2633532356471013,-0.6588824522497373
105,18,0,0.4779440380711383,0.03457774728817804,0.4965958610389277,-0.18671086725392216,0.1902457092012995,0.23681465411282643,0.165324142245023,-0.6843367187056328
105,19,0,0.3290695287098989,-0.09097175334264185,0.3729023378027028,-0.16388842457774982,0.20116724142704284,0.2007619933806647,0.0938062458533219,-0.8871897304534837
105,20,0,0.43729218296121614,-0.2126253171275264,0.5467271657494416,-0.22036283864237471,-0.06441008717030505,0.23585848924733482,0.1693561912617744,-0.9306921620970449
105,21,0,0.40175775245086665,-0.026354176522185153,0.66535999885487,-0.057458753606278994,0.2833736932959378,0.20529594090916461,0.4030907763105763,-0.9273514150693504
105,22,0,0.351705430150992,0.002405249477302668,0.2763232053270091,-0.1693526575567417,0.0410000449509971,0.0954669468797717,0.09386219158122588,-0.7280357563695636
105,23,0,0.2720457339907358,0.007036826834808087,0.5144126641978037,-0.15712746990379522,0.23717079376326164,0.16122313255460505,0.3198332799082724,-1.0028616511303854
105,24,0,0.46774524955775987,-0.34742741546660094,0.4851108013049085,-0.16345202197785488,0.31057150929291777,0.14934706371541853,0.3163305069801698,-1.0402486991935704
105,25,0,0.4275197793996708,-0.21565626262671914,0.8344711993287657,-0.13629871771029195,0.2391994775614715,0.2771233922244486,0.35200457577485594,-1.1490814508590674
105,26,0,0.40391956684906116,-0.2724484336177836,0.6387430419016084,0.04203393168488957,0.1379792116206325,0.18420675798010555,0.09113003755067882,-0.8649107345351643
105,27,0,0.2194911076684582,-0.2735436854704838,0.9140362870633789,0.23463963224458279,0.32068757633979705,0.05086279780512103,0.10374401823413812,-0.8707829172143644
105,28,0,0.20418073493732047,-0.14250055013230373,0.9432465148847039,-0.1443021138088149,0.09837894335770606,0.0501891806244557,0.07650747383296988,-0.8862964912389588
105,29,0,0.35943128038195726,-0.1461351835385202,0.7025212797518271,-0.059588365818782074,0.2816924965960493,0.05905988536779591,0.15410465835629766,-0.9205233657253002
105,30,0,0.35481351833932895,0.07943204191863235,0.8984108026050737,-0.32012787416375665,0.3664734400497053,-0.19009594878613847,0.00043290668534820553,-1.0200107483665344
105,31,0,0.4790754186220561,-0.2537111179559701,0.7297608579624169,-0.27869552580564705,0.31568401894555187,0.0055085735891232945,0.24992524524167287,-1.0177854116662177
105,32,0,0.4932119518608549,0.05214129888949463,0.9663366180646874,0.03394876483063741,0.1421543766887087,-0.1282930327769392,0.14620693947785246,-0.8725779833028231
105,33,0,0.3231791727247818,0.0014933424026940256,0.7759136909012837,-0.16951123134924656,0.18110843283222583,-0.2608677888386052,0.262939972860914,-0.719153022630597
105,34,0,0.6554659915613239,-0.22002483343584872,0.9319133205817434,-0.1896106575179191,0.2776579324428237,0.09612711017653952,0.48215063198011077,-0.7730904806411993
105,35,0,0.6561574809907218,-0.19422329195835966,0.8871987401430155,-0.07375352250342142,0.21087085728709898,-0.07719143091453763,0.2413879063731339,-0.7527107596891036
105,36,0,0.5146017247105368,-0.0017629880203259285,0.6802454566762892,-0.20677764785074143,0.12240888049380957,-0.37622922984635304,0.3988832895245464,-1.0716193832101737
105,37,0,0.28348088140878297,-0.21405097466169792,0.7688879187569321,-0.1729653570163921,0.3691664548467143,-0.24043695713286703,0.2840366962513051,-1.06148706005074
105,38,0,0.35840931269550114,0.021236317438015156,0.8874587761233681,-0.4123220229040818,-0.01616946982170108,-0.3547264293069316,0.48558038167744777,-0.7830529923908213
105,39,0,0.7596163690506866,0.08506036679799643,1.010917890775613,-0.17837335824646744,0.12447091198641165,-0.5693503501318233,0.4610630082307802,-1.0651552374403959
105,40,0,0.6467416627608447,-0.39493948310725346,1.1030224863961795,-0.46431778694717163,0.3872879182963971,-0.18496678420016105,0.5164083268591677,-0.6839265191453302
105,41,0,0.7022673631478137,-0.021519073597164463,0.819241727601568,-0.36299744079340224,-0.053980642848765664,-0.4245224249639861,0.23700967206271858,-0.7706220656115756
105,42,0,0.8786046323479292,-0.2805328646725066,1.2855732787662977,-0.565842606528035,0.3661822059066896,-0.03244129453742258,0.7502924086209498,-0.5779467514233497
105,43,0,0.9479524885149613,-0.14830523358055656,0.8638153030038915,-0.45674237607755785,0.7274243337250463,-0.21324601910713994,0.6184419745556283,-1.0526841499113975
105,44,0,0.7431977733366913,-0.03689840224798511,0.82758608019945,-0.5421336655621765,0.4713730547050343,-0.1413726607910252,0.5898582320348714,-0.9185428409321247
105,45,0,0.6163615622546064,-0.12945650704013442,1.0495281514597496,-0.37839719762311974,0.3737576132744992,-0.41631486850246124,0.8276727233519342,-0.7797615312270194
105,46,0,0.9252776265406826,-0.3259062665935078,0.6314901516126646,-0.36495576290780857,0.4317445678409083,-0.13442086009069698,0.4782004566294865,-0.8832271293802136
105,47,0,0.9158506116987901,-0.04875454310329313,0.9935059023320992,-0.6769144086272788,0.2585648254859682,-0.21500520821682134,0.8277539356957704,-0.7325847336224163
105,48,0,0.9353689995269675,-0.086424030691213,0.6915994879130909,-0.4244056735503788,0.32148934478102004,-0.2983503831131221,0.6143957043932716,-0.8251232907154962
105,49,0,0.7670979890338714,-0.34336501414514903,0.5385308566611241,-0.4898724614602005,0.08256299291747585,-0.30188642204827393,0.9224763482361532,-0.9374699533586135
105,50,0,0.7857294331598245,-0.3460901836453189,1.0636135806674574,-0.6761021227480388,0.4585214756235601,-0.24792560238028633,0.6310130291017678,-1.239168717720721
105,51,0,0.9113279632398393,-0.1557137152972723,1.1486808961687063,-0.4425253458796789,0.7468810643773326,-0.2583575001052695,0.6322450404554529,-1.171223902981396
105,52,0,0.7686743628144731,-0.6562166118001185,0.9967583622238656,-0.5409809173789625,0.3142645640686679,0.1371932152023088,0.9666122214376474,-1.3866117486634364
105,53,0,0.9586038469622821,-0.2232354070059357,0.7811567375864159,-0.48233997160356196,0.3502978942714431,-0.25110217273685903,0.8846679698103507,-1.3428870575388492
105,54,0,0.8208751060585822,-0.19645213326104483,0.9809115106446895,-0.9008231278642301,0.46082162875489113,-0.29837950180390116,0.8008773094071979,-0.9869706595402088
105,55,0,1.0601753852160918,-0.3500015141469724,1.0754755255771944,-0.792931462787273,0.968568969806313,-0.10696716502222312,0.7984604325128283,-1.0974253809916792
105,56,0,0.7881854576756129,-0.693984668101762,0.659289861515465,-0.9102813921726826,0.7598832855960616,-0.0917344419134486,0.6205506545355264,-1.5932167468206977
105,57,0,0.458013403529408,-0.6353925981977377,1.2167184821854726,-0.5529827309008195,0.716924601872484,-0.2653792477218773,0.9773243456595699,-1.5619568414343195
105,58,0,0.8494354572494933,-0.5420138568797177,0.7660248110415749,-0.7675567835489482,0.18799359100884033,-0.16237870586476916,0.8186883411450345,-1.3128118218751608
105,59,0,0.9139883759395933,-0.5115636185080468,1.2242788716731137,-0.4283783898917724,0.5921484932645024,-0.5612993660283293,0.8663184049279054,-1.1532031273624752
105,60,0,1.055428271867812,-0.4182747844190283,1.2353164569289266,-0.7973686434158151,0.8608563006950292,-0.6304350390704401,0.5220480606939287,-1.2911490858421957
105,61,0,0.5554559197553327,-0.6743994063565663,1.0965561028353388,-0.6256598902253436,0.7579364549381284,-0.7426640291808841,0.9201823154069384,-1.3493830682055916
105,62,0,0.6024259692508728,-0.4986209547220622,1.0074604236280533,-0.637449012511495,0.8978965288232448,-0.5844926255216676,1.0521537107926875,-1.2415288278765952
105,63,1,0.6513550706804999,-1.0397457043926517,0.8345494073302364,-0.480285340302413,0.6715795916243235,-0.17061146760830248,0.617105181284699,-1.6603527492456487
105,64,1,0.7446941478078276,-1.0764244139398,1.4677871014843784,-0.3257134341061838,0.9901629562835813,-0.2729727054164911,0.7301549312831828,-1.7131390923808307
105,65,1,0.5122682658441223,-0.8759044124167303,1.2714655619348325,-0.46465493294767923,0.45559396566334753,-0.2508497561565327,0.4598423109702556,-1.709849960121709
105,66,1,0.3957158999540148,-0.3051347851115777,1.4311342251714494,-0.5411727744967313,0.7028357946454079,-0.6603862776877711,0.5144533786804725,-1.7674391422122182
105,67,1,1.2862559363144312,-0.6315246680445309,1.0708966872976386,-0.8851428782583047,0.509034131032476,-0.2931431386547294,0.9765105244401276,-1.0495667565138413
105,68,1,0.757218452941514,-0.6166597674789724,0.974598632968992,-0.3460965986148113,0.9876968442818101,-0.6792380527183177,0.7523614528520148,-1.7281023265663271
105,69,1,0.8907529722320497,-0.5114001217876885,1.4961570210060193,-0.6001514784681063,0.5245660836021302,-0.8548862240745282,1.123054716039406,-1.689267701473247
105,70,1,0.6307923431395661,-0.8170192543432742,1.533527177820454,-0.5766664930036075,0.5845299665641143,-0.22893026767864819,1.023197193170894,-1.5626325515200645
106,1,0,-0.34567657149969466,-0.6930598970383319,0.36620158599627783,-0.1308630541911326,-0.3671874915261764,-0.09688272486422135,0.12814115479643878,-0.28994934231558034
106,2,0,-0.15130037995140921,-0.36492275839322325,0.2725746756790453,-0.04166725481841649,-0.07216218890832365,-0.15541087057746245,0.08463303039771619,-0.19551304972264918
106,3,0,-0.2024568819206804,-0.5947163701851917,0.36718366757882526,-0.29753939140984725,-0.20084918597947377,-0.10628735572282882,0.3345452047635552,-0.28999260375201424
106,4,0,-0.12571766996656786,-0.5462605417802752,0.2903883571445844,-0.3320026216525052,-0.070607846898534,-0.10301499575761976,0.2330347352976178,-0.1259692119530773
106,5,0,-0.1337663326325544,-0.5638319509804172,0.3784694131854496,-0.23796608973193276,-0.09318432705725545,-0.09040930393209048,0.4112833904566402,-0.2053164706276917
106,6,0,-0.03208332509104116,-0.6527606310228282,0.34624132223629495,-0.31719035988322314,-0.1019104804296197,-0.19820784160562055,0.42839365716422384,-0.20906259859617188
106,7,0,-0.1346103988495821,-0.48541632081638963,0.34642436182886843,-0.33037973778368795,-0.04474487934439498,-0.16504233841380808,0.34588451121953434,-0.383574941049714
106,8,0,-0.012799808240689006,-0.6178075240378338,0.3420566522237859,-0.291677029349878,-0.03313030936865225,0.06040641102580145,0.41851745504177096,-0.10776763646295545
106,9,0,-0.10958819641313257,-0.6460776280837094,0.4388559066038636,-0.41343988111784097,0.009475218194231912,-0.16549081859416206,0.4920112977186903,-0.2571048496278683
106,10,0,-0.11887436281831686,-0.7311706514377312,0.33674516785437764,-0.3441808816057159,0.07870735713138385,-0.07096886406916728,0.5233317223087944,-0.21756856419339754
106,11,0,-0.06368632414199005,-0.9350516072685211,0.2670681575830697,-0.506932476866482,0.01582800545839105,-0.09426407367599042,0.5123530439941804,-0.17635377495471619
106,12,0,0.05461967888727663,-0.6453251942256997,0.1340022765525379,-0.34658636913148827,0.23098169121999979,-0.05397812014867669,0.46822642901932376,-0.553471198009374
106,13,0,-0.07167187959831031,-0.8228626296848509,0.33131869475998726,-0.32694967861053115,0.15403938208411314,0.037613378445541204,0.4587582783846618,-0.3412659778656019
106,14,0,-0.13914272562311433,-0.7630649243749394,0.2802245588381987,-0.5418703904487785,0.1845827801843808,-0.16161466488993076,0.5757556878088416,-0.5298028490717948
106,15,0,0.11384282477653807,-0.8015384156607454,0.35236325412363084,-0.4982574586481523,0.21356187452099215,-0.055752707605482996,0.390184033422702,-0.4021218924950026
106,16,0,0.19112287532892752,-0.9862138720793756,0.2565987949431603,-0.4497450744031778,0.11081980524256091,-0.15225483792127448,0.3191112535404722,-0.31557273403766
106,17,0,0.20088707675891018,-0.9696098637473117,0.36739102727882184,-0.4782341346159636,0.44958303316286435,-0.22407395257370832,0.5193156940165518,-0.5418147578467256
106,18,0,-0.10978382242682079,-0.8814904833580506,0.2922163328513343,-0.5229104781129738,0.4359770155684025,-0.30564132233532987,0.7358289215042679,-0.5526217281874123
106,19,0,-0.10822856975700101,-1.0567707151179806,0.30410861841463593,-0.34183797628563806,0.3957345598769729,-0.07977389225622299,0.5747517322161089,-0.8817182566779219
106,20,0,0.16723876074735858,-0.9958407663888966,0.602382478042778,-0.34300608415192907,0.3379061810068001,0.011451418878057187,0.42211252328686627,-0.38474848575336523
106,21,0,0.008635812394059902,-1.152202554434623,0.4757964073354335,-0.38345178361162957,0.3463623407701454,-0.2800346593894961,0.4423043078074059,-0.617689515329766
106,22,0,-0.20073369228265908,-1.054213941819816,0.5100328281526236,-0.32740457415309426,0.2820101798140823,-0.42783081986909605,0.559501031113562,-0.5045834828284411
106,23,0,-0.1216914937133714,-0.7947876912615861,0.5959525285128566,-0.39630017805087625,0.4658886616606803,-0.403563771472947,0.46446301602492784,-0.6656610244088284
106,24,0,0.1675819183297175,-0.9377211654893083,0.5537331265830664,-0.3115034776814837,0.4073511517661746,-0.3776933190940605,0.41042550669189604,-0.6907598852660443
106,25,0,-0.06555641971610544,-1.1900081380742158,0.38293019847060644,-0.556123637392278,0.3356709271271796,-0.31613044138535296,0.4275944941289671,-0.696294915005734
106,26,0,-0.08004691615074952,-1.0008781949286252,0.6494345666661661,-0.6149379282354012,0.6363999043880254,-0.423035681543831,0.6176270115983453,-0.6651808847392546
106,27,0,0.15850068529132286,-0.9876818137184281,0.7884335821457789,-0.39541153010573676,0.37029441630488547,-0.3157552093392107,0.34889790603907905,-0.8924431340656167
106,28,0,0.2661483334406617,-1.232181464320851,0.57292981378383,-0.19727930322812945,0.5603125992010242,-0.3745364843088694,0.42387351061063194,-0.753398368822224
106,29,0,0.08682671777133218,-1.0265095480103843,0.8501636183242258,-0.5007299728131028,0.6065507155288584,-0.2663062009745593,0.478153434400042,-0.5485355272416637
106,30,0,0.059297344171671464,-0.8599368079202095,0.7140032154428875,-0.45955955209054233,0.24266544374403967,-0.421310166250022,0.38711278140898,-0.5521144560732131
106,31,0,-0.07934013245667035,-1.0697520909068372,0.7513013599706209,-0.3683604625513302,0.5571612794164761,-0.4817102193310144,0.2832060074260429,-0.748535635612946
106,32,0,-0.004613363657863089,-1.1528195900205136,0.9262267277175187,-0.3954981881533293,0.5371612855609564,-0.5097305246823244,0.452375502898295,-0.7961612432406172
106,33,0,0.28189542130824646,-1.0245929760230494,0.8075640284911636,-0.40116970668420326,0.3250868934592129,-0.6864767447836445,0.38381850187318634,-0.8358184639167677
106,34,0,0.2264378999702733,-1.0068646864231372,0.8208850870692563,-0.5774535282998983,0.3929825827002203,-0.38128561505782466,0.7911252800723663,-0.7059768772445121
106,35,0,0.018280175120479282,-0.7852249492269854,0.9469182845365725,-0.5266415976032846,0.17565818687244472,-0.7188063697611716,0.5169871798307026,-0.7193785921894567
106,36,0,0.14871416111385263,-1.2430509769657179,0.7593526754428478,-0.5910295943493402,0.5191472610118704,-0.6905141659688345,0.466066004276783,-0.7473347632807891
106,37,0,0.539209243723706,-1.1529744203535834,0.7396730069252342,-0.64661507446832,0.4380672633307452,-0.8049326581867452,0.7876739921523859,-0.6202182501890448
106,38,0,0.35858653459389017,-1.0796364790441522,0.927458261484361,-0.7414198749152188,0.18165650859414018,-0.47304024366361846,0.5218269051633594,-0.9503442971063856
106,39,0,0.13034263420044911,-1.2797294596840705,0.8435193842358863,-0.7378368145959686,0.693690269522814,-0.3703162817989347,0.6296868864917289,-0.8082120644464202
106,40,0,0.17130550876903122,-1.2637614370517631,0.7554063025969004,-0.7810595156061341,0.4177620430393053,-0.42723284466831046,0.9133406802602173,-0.6847048526197929
106,41,0,0.20552856804191943,-1.0251103979341092,0.8622669530569333,-0.6684545761973654,0.5783059935475213,-0.7821611768415971,0.8438416761096567,-0.8772017504236514
106,42,0,0.4118751987571674,-1.2715504379725782,0.8779041752590537,-0.824243260878093,0.0756438501003589,-0.5409374279477673,0.6491862939338288,-0.6514691150224512
106,43,0,0.42738373883398284,-1.0484225654095074,0.8478147179816177,-0.5886996475198016,0.4642013526729358,-0.5091712000932745,1.0064668349193664,-0.45795022221125786
106,44,0,0.5087700210418337,-1.2703412238196294,0.999624745850643,-0.8734286036361503,0.4253086436560909,-0.36347630465080066,0.6764393674303253,-0.940743901286286
106,45,0,0.3998584765799129,-1.151387055217282,0.6262494822116117,-0.8694450080912661,0.5962403208141435,-0.6393207396181121,0.7513493934014978,-0.8950583163013649
106,46,0,0.5425078396616912,-1.3012024578515593,0.6860714066932738,-1.0984266100502655,0.5802738550165228,-0.6478960467334611,0.6062669949678295,-0.8699371640420623
106,47,0,0.6356640006223632,-1.170869529183088,1.0578237433196653,-1.0065683381143236,0.8084105435906521,-0.42170345097180123,0.6984040119773688,-0.7477447697894082
106,48,0,0.37750795876423143,-1.060290512968996,0.9213678135082947,-0.9552480706268512,0.6196556326904766,-0.6787315081009317,0.7694663595191877,-0.7078562977983468
106,49,0,0.4999679729525262,-1.1996001304618649,0.9161518224646504,-1.1438449064926042,0.49720676368069605,-0.6382355660353649,1.3503290152487375,-1.0973708523342183
106,50,0,0.32815556433270154,-1.301806994864582,1.145648496922996,-1.1059212183986862,0.4151677447635154,-0.8374271270799233,0.7104673253394451,-0.8498003886390969
106,51,0,0.3536059242003369,-1.198506141577914,0.9376249459974855,-1.1351769750930534,0.7529992320974621,-0.7772628000016238,0.8496243061267519,-1.0708445023895026
106,52,0,0.7697347472799122,-1.1056710658704256,1.144822470235576,-1.1260844805073635,0.9949774618070448,-0.22597809080175812,1.1086169499438692,-0.771772826157677
106,53,0,0.26534912243342346,-1.272025232492062,0.7278227990433084,-1.1503598767975727,0.8719320513644883,-0.5341998544723211,1.1473992484506272,-0.6384578193361345
106,54,0,0.3924624883698181,-1.4812261419946386,0.8673293511275556,-1.1587536442855304,0.7602343209052549,-0.5741313149750327,1.0606142152472249,-1.070598185144242
106,55,0,0.23713902072269735,-1.218307877743798,1.2360677452310607,-0.8625130515973177,0.5932209482856801,-0.8218987773708599,0.8398397317383755,-0.8041455502721219
106,56,1,0.5380639027137334,-1.4217817889101438,1.181221686746284,-1.0534218128204347,0.779861645217653,-0.586228812921774,0.9067980684993366,-1.0056630771875257
106,57,1,0.5932269170556181,-1.9155337901027374,1.0616739707238123,-0.7321514636974932,0.7701358785419393,-0.6301601624552339,1.1845191740735288,-1.3886397993066626
106,58,1,0.3511791748683124,-1.776717430719148,1.1423901319602123,-0.8788984869808221,1.0092187354105835,-0.5967699808537474,1.2487795999125515,-1.1324999225951964
106,59,1,0.3507454836341189,-1.8423681143798236,0.9418057322153944,-1.2479409203428171,0.8958275396990742,-0.8061489117717843,0.9177838903500657,-1.3309233712825634
106,60,1,0.7391117803667502,-1.6553771303596367,1.0002286284795723,-0.48101526764842917,0.7246183143301502,-1.166413932673177,0.9406873517200862,-0.9076682674646449
106,61,1,0.5136348097406784,-1.720207046512075,0.6724346213345989,-0.6846807015037902,0.9447786409300886,-1.02396386022283,1.018404261637031,-0.9125141072942178
106,62,1,0.5631292050369346,-1.8654667480405405,1.1347321076699486,-1.1955396428002771,1.1114338944178943,-0.6985838378163469,1.2652041962123555,-1.3043878848370358
106,63,1,0.2673864231933215,-1.3178347570965758,1.0597690562420552,-1.0680110823583453,0.817815930466176,-0.52153104160766,0.9181822474160598,-1.2640044330529023
106,64,1,0.3436430363737812,-1.719805241306242,1.3660888169466694,-0.7036241908224722,0.6851554491375016,-0.718638669468826,0.7736137798567058,-1.3017457498965035
106,65,1,0.5790590173039973,-1.576474930870228,1.061502035767245,-0.92196946821204,0.8590721153447555,-1.0507865106215448,1.0070084732758966,-1.4514474123923011
106,66,1,0.0719187427263684,-1.4881208572823499,0.9586342052154891,-0.8718869934427596,0.8961237496881345,-1.1004224085793908,0.676823112685607,-1.3507077054156567
106,67,1,0.3753448308634363,-1.6291111650246792,1.2721367063289108,-1.1335713607291134,1.1418505875757314,-1.1270398795658585,0.6219984844309461,-0.8581952284671777
106,68,1,0.253968997345971,-1.0727113583128902,1.2905417459529345,-0.9865265429253175,0.6799346438060663,-1.1460479020286622,0.7544562540851035,-0.7550042122107745
106,69,1,0.1763318587798354,-1.4969335623986644,1.2744427723040257,-0.8063353175019952,0.4846123163004971,-0.8593461020934998,0.7713488642501386,-1.39062556292424
106,70,1,0.6955950359090023,-1.5346070253997108,0.7126685724390363,-1.2137633782642916,1.0794379734582427,-0.8679501053178686,0.5146813358940956,-1.1121258679215398
108,1,0,0.2163584690213639,-0.3346054388922331,0.7171939432175233,-0.37995881545126464,0.12620131523812247,-0.278760900579207,-0.4168835277512601,-0.06139768926505903
108,2,0,0.3399727450485613,-0.3238044136458832,0.676904387977425,-0.4560303188995028,0.13600844682652657,-0.2770512963134607,-0.26246281698397944,-0.19215500141070824
108,3,0,0.2430100098073647,-0.2608185119574427,0.7571136338406189,-0.338948773069401,0.16147281653511106,-0.2197660818670644,-0.29549277477668556,-0.1450862441776352
108,4,0,0.4101690066088389,-0.2563954109173299,0.7737525368987295,-0.504523125436273,0.016907204959409283,-0.18629328054085936,-0.3097807233396546,-0.10058316425763635
108,5,0,0.4615738904710647,-0.3057890276285137,0.741948714907886,-0.6032929337232311,0.27353782384251873,-0.29434483696594227,-0.2904396646720403,-0.04669030795052341
108,6,0,0.5726205962517709,-0.3027762311664992,0.7246613495788182,-0.5233120478991873,0.2242225784523214,-0.24622393995823177,-0.22567765033397824,-0.2718606850398921
108,7,0,0.5454771219014508,-0.5426796289851086,0.7736693862900611,-0.6515245040548397,0.3270460209787186,-0.26745795116774984,-0.24323323391525276,-0.033195106944971256
108,8,0,0.47265590033179605,-0.5827688845733374,0.8215512948852195,-0.5551519436525995,0.2665193774852798,-0.15562424270065636,-0.07621756688775545,-0.11115909762670645
108,9,0,0.3344071057516662,-0.37851329881427903,0.7658475959397755,-0.6388107551198184,0.29526586824313983,-0.24929172124473278,-0.18061470120935547,-0.31825594912860866
108,10,0,0.6987111463596085,-0.5315710986083301,0.6949904610800751,-0.6324048537925849,0.3266446480190463,-0.26912364351640405,-0.12368891694400237,-0.1358542749931751
108,11,0,0.5802813358636674,-0.48866660294302444,0.8218081937910395,-0.8353634679150763,0.2734732744344389,-0.18317401441041048,-0.060185291912941766,-0.3635551260332243
108,12,0,0.6080795872383982,-0.6864262054348129,0.617793586413714,-0.756853372798935,0.40842475458393074,-0.1409101544837111,-0.16001535176004633,-0.5088977644770938
108,13,0,0.6429907772546944,-0.38024949073198133,0.7653499167715059,-0.6804984091576227,0.40080573083443144,-0.2292603759709058,0.19187043817296415,-0.30558202356773
108,14,0,0.6426767897907306,-0.5208875662825392,0.6247408417058197,-0.7509516087009798,0.5592932425578072,-0.22670755922315472,-0.1313252715108142,-0.25384335949056314
108,15,0,0.6608409704355015,-0.82990287660134,0.7425052080836644,-0.847422894616402,0.4943369301720733,-0.13489144230964006,-0.17646940765411634,-0.4783771119554587
108,16,0,0.5069890130098484,-0.6661346307518903,0.5193616513459826,-0.581163505053714,0.6689388539192861,-0.26470656182610386,-0.19065459948814656,-0.3834542386454598
108,17,0,0.3818805515235346,-0.6485215476071517,0.7572463390966594,-0.6210241664146929,0.5491020707385655,-0.2218964373532874,-0.006963020917085196,-0.4957500172498099
108,18,0,0.5856047535483123,-0.679109315598952,0.9793927866133982,-0.6053654742043387,0.46456716557433747,-0.3550587218082781,-0.0496562668081266,-0.41147024656567116
108,19,0,0.37116124965815767,-0.8233454136620957,0.9328128862438836,-0.6665136593280766,0.5868072618594394,-0.2154041226975349,0.02521377962054097,-0.5174301936279513
108,20,0,0.5299314166293949,-0.8992485474872524,0.8051372996977909,-0.5406819349310857,0.6221298760495491,-0.2296357676685915,-0.07703988460827173,-0.68529465746055
108,21,0,0.4648218535352417,-0.7331406064688042,0.9731845902044663,-0.8541344538457474,0.6645414236517126,-0.3655459587191473,-0.18465781633549128,-0.7411204455250908
108,22,0,0.26523155698929596,-0.8052429494897346,0.7758515763262817,-0.6575549305925001,0.6135396369298137,-0.3587504926694104,-0.0380744329904614,-0.7061904563514236
108,23,0,0.5987288358164954,-0.6844598450914527,0.8783152552526852,-0.6476607061550671,0.7521498535370269,-0.1776865824664699,0.18899912452498385,-0.307812556657701
108,24,0,0.4510269060101287,-0.8569939050423109,0.9453366862267549,-0.547937019040056,0.6121911915072701,-0.44336845580027373,0.058326184695329686,-0.7191879296081594
108,25,0,0.5878617186394999,-0.7743775541127652,0.971840963868438,-0.7901561457510484,0.6984963120070475,-0.6275267651877183,-0.07799648561511026,-0.6116321875465316
108,26,0,0.47782460387490305,-0.6991269997295443,0.9783370084948001,-0.7736877644555159,0.8105075883242787,-0.3231220816169059,0.184073200899736,-0.6759521562531311
108,27,0,0.6158031616197945,-0.7466601941334563,0.9968842484028649,-0.4189569262948969,0.745140582361049,-0.7153677562148228,-0.14364829147245156,-0.5327211287595954
108,28,0,0.6250853785738977,-0.6994388259472833,1.2708103364918348,-0.45269392160542166,0.7762974019427169,-0.7328930028043162,-0.19814002718070073,-0.885298269781664
108,29,0,0.5847683290667086,-0.8180117642884581,1.0767484124051812,-0.4642139856554698,0.6412777251176769,-0.5704545810289439,-0.12635048334966964,-0.4639527757660808
108,30,0,0.6962421598964835,-0.8411530370530929,1.0645767649264788,-0.7675156634122079,0.7770941399736081,-0.3642310456840882,-0.07262221703175961,-0.831569836862953
108,31,0,0.5713721605172714,-0.7795048312369294,1.0204001185204434,-0.8050320360992721,0.6228668131591081,-0.5785565980797552,0.12932492465923456,-0.9289286034264871
108,32,0,0.7928359150168145,-0.8795210700645608,1.1569124960453534,-0.7409988192313459,0.6909920764657299,-0.5739163940127086,0.08891417266921385,-0.5724382822692213
108,33,0,0.823558389343244,-0.8435126730524074,1.3350305700898615,-0.9658365525281837,0.60131254139926,-0.6345699652912151,0.27485165986351856,-0.8718844836975091
108,34,0,0.7384889284746141,-0.833344218294603,1.0530893662831982,-0.6801535197423109,0.6930859068028048,-0.5257800585929083,0.25518619097604467,-0.6720354889779062
108,35,0,0.8483978400127049,-0.8219268260341036,1.1828169154521657,-1.0988356791656053,1.0356634435172016,-0.736290914684707,0.22788063601712952,-0.793619525195723
108,36,0,0.6662834712848449,-1.0368611176880465,1.2872253680821615,-1.123181208796669,0.9927893702768947,-0.7194537203014544,0.3281358288156855,-0.6537764049891756
108,37,0,0.7160896607681878,-0.5910723052247009,1.4015993916258394,-0.6286396803350489,0.9124794720862086,-0.9842523851463063,0.18932848646201605,-0.8558743302596225
108,38,0,0.6649279739529653,-1.1042085428973605,1.1262430076421923,-1.03258473588549,1.0195880505830077,-0.587558428384952,0.3058362218582354,-0.8076680312784251
108,39,0,0.8170379625081329,-0.9353315456510001,1.0136235321670188,-0.8778770596904953,0.8468118859148843,-0.591266939585352,-0.2569591328211513,-0.7280988726211528
108,40,0,1.213625333672694,-0.8510748800972948,1.1371113979348912,-1.0798628616080583,0.6951543184834291,-0.676517733881404,0.40489164432545527,-0.6662498054832282
108,41,0,1.0214776648845085,-0.9047712443583996,1.423723727403796,-0.87064474568445,0.8721933838237645,-0.5500639004611982,0.17553683050524127,-0.9960542118127642
108,42,0,0.8912005781111871,-0.731327151794293,1.4780261565860695,-1.1866561923944077,0.7731447365065796,-0.6772764629113333,0.33097495926846787,-0.5470072083132042
108,43,0,0.7297683904859467,-0.5528555439683717,1.529636137796356,-1.421291044201855,0.7959811047258583,-0.6685403759090184,0.6962567988904947,-0.48171936675736027
108,44,0,1.3118627483935652,-1.1727327712062463,1.5706566214872808,-0.8150410950957064,1.0066079456000303,-0.6482950971130893,0.23365788513543756,-0.8917561717522985
108,45,0,1.1649815119674967,-1.177542591753771,1.5346238656095554,-1.0819811512391018,0.7988405244946112,-0.5749106196138077,0.6360281360259115,-0.5060385037973003
108,46,0,1.1594711556976547,-1.180013428143305,1.524489447476179,-1.4003599571109568,0.7281104059585696,-0.8377232674452143,0.6768511878673751,-0.6211967236901627
108,47,0,0.9196934987400531,-0.745532076977316,1.6696502409284752,-0.9676025092865178,0.9875169646644841,-0.5153064818886518,0.5499148617239457,-0.7810497112219286
108,48,1,1.4063947259601541,-0.8679638441449058,1.5037450427142367,-1.5082038160075486,0.7854470543471397,-0.7434437712386828,0.6264287421609356,-0.7052324228292534
108,49,1,1.2784922693600236,-0.7846785652095866,1.5427694599725377,-1.1764098379679633,1.1726517190803403,-0.5045636449958444,0.2699000354704302,-0.9302803734759512
108,50,1,1.1576540478735893,-1.2831997679903704,1.3503218176241036,-1.4408800797049337,0.736211653203906,-0.8672951599349897,0.4854994789385222,-1.042804126523062
108,51,1,1.1378467988455074,-1.1325673721259362,1.0135370113950428,-1.2195609008647108,1.073153381013879,-0.8644833731107283,0.16610690192001493,-1.1649324284640779
108,52,1,0.947877207635871,-1.1157753756910687,0.9933652551944991,-0.9532081870841838,1.1698543393716183,-1.0849868721897487,0.29786855454204525,-0.7338272882113085
108,53,1,0.8943780558618697,-1.1106122671856813,1.3926369465543147,-0.8941222501770992,1.3791825313039054,-0.8751514274527257,0.7881529772943108,-0.8449189310987769
108,54,1,1.3827836214378453,-1.504575503986841,1.4353140033972651,-0.885262742813084,0.8421189314032267,-1.1554209054594338,0.6400390941064469,-1.0520933380470106
108,55,1,0.984745990229192,-1.272272346559585,1.6208159575280727,-0.7863856766068689,1.1476438427637958,-0.5053141313359919,0.08798108471460378,-1.208366724873696
108,56,1,1.1665227615793177,-1.0369438838253686,1.4086241990035482,-0.7619691364948465,1.49916829493068,-0.7519532048730962,0.8472440259351256,-0.9527317822834696
108,57,1,1.5480757835033958,-1.2790850882775082,1.1128902906309062,-1.3098122795358795,1.1663626740349096,-1.1723696777245003,0.7402930907844792,-0.9170394950949304
108,58,1,1.1224103958215645,-1.0177018189905955,1.5951393483838145,-0.9879660108128844,0.9645665787874118,-1.0393931673861612,0.518598867710316,-0.7443307816561926
108,59,1,0.9618903192508624,-1.616260420636815,1.2061557973317376,-0.8454362664101424,0.9209832540155026,-0.7105873703563893,0.4108916841398504,-0.7343972762440683
108,60,1,1.188641200713204,-1.3145669718470925,1.2298693566770615,-0.9653080419885903,1.352033208834812,-0.7059988535452127,0.5414658588241059,-0.8815933911568656
108,61,1,1.0730629336501463,-0.9584771305202828,1.4967392200094138,-1.2824044416829725,1.4731149088023012,-0.9332660220473876,0.5312302879872244,-0.8366145151993625
108,62,1,0.9013837834652372,-1.491002124539903,1.6796183826107558,-0.8032119430489106,1.020658142255109,-1.1796443756650727,0.5001053436796722,-0.8958067505703321
108,63,1,1.1109052983185899,-1.3418309920832299,1.5549330992020776,-1.0307961186415409,1.2874423256308622,-0.5652243060765676,0.8722315939844718,-0.70921240773354
108,64,1,1.3868730959106967,-1.335085554466059,1.657006305342954,-0.7199007570314759,0.8834563875713107,-0.958649696573842,0.022005276190793607,-1.151811319926492
108,65,1,0.9434634993080417,-1.5790440337788119,1.5947709644594623,-1.4441467987088785,1.3906171464034505,-0.965608403428482,0.43795122301273515,-1.286936038497055
108,66,1,1.1951442584793017,-0.9577280655522435,1.477733306666892,-0.9918495199323508,1.3929897211244555,-0.5230826966280385,0.3407176067324032,-1.3091780132937116
108,67,1,0.8624340279305001,-1.3146420595206703,1.8335706369503593,-1.2794695712283912,1.4416677022640403,-0.8622084930189218,0.5733139552416513,-1.1987345905228324
108,68,1,1.1322264315840989,-1.385304876728033,1.4098311088871323,-1.2840497621554379,1.1322596018633357,-0.638355383041254,0.6231862718452356,-1.0792757376262132
108,69,1,0.8176052391380139,-0.9497621271461885,1.4280490105206511,-1.164979361487033,0.8621746030979791,-1.193595023368614,0.30094829584111693,-1.0764047168465785
108,70,1,0.9304314876140392,-1.0757403877370635,1.792206009772178,-1.1557503741749915,1.2222566851227372,-0.8523646386333469,0.48211761805944187,-1.3931459986040504
110,1,0,0.3685927655170383,-0.3559061789014667,-0.34081335212544456,0.3460390633332227,-0.40905798216420464,-0.09657902882871022,-0.6231893235346557,0.010358559812777376
110,2,0,0.48525367841419087,-0.3728515229729465,-0.3246782164596642,0.1713898340697318,-0.529838539445746,0.0844932083111551,-0.6419316120477222,-0.11808391636926172
110,3,0,0.4547299172053981,-0.37553273548355004,-0.3330041555989483,0.22955579632168333,-0.49195682374440514,-0.08641140539685543,-0.6806448506512278,-0.04924990410601482
110,4,0,0.4747635513348344,-0.5094514394979986,-0.255693707113682,0.2107945831217949,-0.5160442758460174,-0.07161723491391137,-0.6041830333970553,-0.12889818307387943
110,5,0,0.41686325523829465,-0.5198678530219578,-0.2968849177332564,0.11372757231184033,-0.5145522457060905,0.025525725516056502,-0.49021980240458757,0.06755344525777886
110,6,0,0.39062501168845265,-0.5876165963825678,-0.4294560269677787,0.0765189546742909,-0.4227688794476184,-0.08062813548895949,-0.6250077003254155,-0.1939531019856134
110,7,0,0.4407668428191949,-0.4232486214600624,-0.532815100403913,0.13989164428944503,-0.47069453642123893,0.04857210265758377,-0.31606622935142725,-0.12208642412957503
110,8,0,0.4722683525645925,-0.5122867019816725,-0.4727001707282813,0.1132931465761551,-0.36131813071370517,-0.06524492424538914,-0.44608035363213394,-0.09963075951750115
110,9,0,0.5864799175334141,-0.6015359232862412,-0.35044403843356764,0.12088415513413771,-0.546405228126206,-0.044297386132767916,-0.5508668730900007,-0.18422395683853593
110,10,0,0.44983876960435526,-0.5960979043570278,-0.42505731411207354,0.07229997297918281,-0.33328309775794335,0.07284417061527279,-0.33048996219247884,-0.15564148671735092
110,11,0,0.47890749117647047,-0.7813171301709638,-0.44368834759830755,0.14756773755925273,-0.31173367415510544,0.12673550472651246,-0.49121553756343445,-0.06275387635359209
110,12,0,0.4762249299736873,-0.6642771048201628,-0.2877491095418281,0.011523218779318167,-0.43937376995873145,0.17091542875378524,-0.4759981956187902,-0.09018235527873047
110,13,0,0.4319827823360912,-0.7456029448981957,-0.46196637408234553,0.08993698116322102,-0.26799960307928206,-0.019300890308339935,-0.3851546919530374,-0.33513474840350116
110,14,0,0.4112426535271506,-0.7873276199835708,-0.3679531011441407,0.20110182382049296,-0.23116919702292482,0.10514282397335889,-0.48620276370799653,-0.3006204475956099
110,15,0,0.5727395392025738,-0.6848003591721679,-0.4755989452079432,-0.0882851464727753,-0.06466683351940403,-0.026155082524269138,-0.4469130025068454,-0.2769506988822036
110,16,0,0.45939704074814103,-0.7896294833286733,-0.3087597430574391,0.10358920373372352,-0.13806421462346832,0.09196762903486039,-0.41492728010036933,-0.2591801214029974
110,17,0,0.6398747083487414,-0.6152286632326225,-0.48995295885920287,0.03279292122925314,-0.31907413050545386,0.22621857210031854,-0.3996117924357384,-0.31686026185098165
110,18,0,0.5637909162068013,-0.7785674668492908,-0.19116884056019862,-0.008235250555551974,-0.21030780473512897,-0.03957350628655788,-0.30479437233684137,-0.4297660841281193
110,19,0,0.5007981706006899,-0.7221478024755863,-0.24930812219840262,-0.0617936056545593,-0.20302959075408344,-0.01927522470150715,-0.4022721396763926,-0.47896101391538487
110,20,0,0.4806814228049742,-0.7152647893886834,-0.27414073289937924,0.2350066989317303,0.03403098779900125,0.08076706646919153,-0.3544412054612142,-0.43929947507311384
110,21,0,0.5385110294107911,-0.9132893975622765,-0.3683521680769055,-0.21462235636774474,-0.1617325075961339,0.12931493190046023,-0.37978511453775354,-0.367112060691267
110,22,0,0.4947808902910563,-0.6843964189419638,-0.4204771253963764,-0.08223057403603426,0.05918388713308818,-0.06845135657209056,-0.360956318749753,-0.568466478779708
110,23,0,0.6101322638783099,-1.0231249573808538,-0.25367373061245024,0.01988348400712278,0.06756819450076822,0.01541886586733883,-0.37466902367014954,-0.5061202386996899
110,24,0,0.3087988284421518,-0.8999418883727771,-0.26799470841761824,0.0152865964094187,-0.2489476496763635,-0.2083688835291812,-0.38233914415338627,-0.46004350738548383
110,25,0,0.34775974334987914,-0.9629499164701061,-0.20085515166776122,0.08931420857778159,0.04270262972715494,-0.1653081796143554,-0.6445885537759305,-0.5150093118842847
110,26,0,0.5527810032647256,-1.0444660648508766,-0.32553600624559836,0.18431520392500167,-0.2971722862663098,-0.12732632687273646,-0.3858638162484496,-0.7369815349670241
110,27,0,0.5616944826695527,-0.7607688361300681,-0.17335667098303364,0.27381869003825093,0.2663243987312205,-0.16228570529271477,-0.3101229049747337,-0.5897765147112196
110,28,0,0.7623727018778994,-1.0706770159488703,-0.008234994814100283,0.09032005655236616,-0.031630656505000895,-0.1399552265009129,-0.320625111357037,-0.5076213745480157
110,29,0,0.5001601657018934,-0.7363372936868186,-0.2589819193965275,-0.003435989054330943,0.027304073650562397,-0.38727303315918415,-0.5284016476472521,-0.3259767457381941
110,30,0,0.44999080146676323,-0.9938693597455239,-0.10883413252515689,0.08660148645986881,-0.03837174164005373,-0.36133241383180853,-0.21368411970332632,-0.7271442827192158
110,31,0,0.6894164593614944,-0.9393838545732671,-0.16678830882462767,0.26524385661894595,-0.0341367081257614,-0.4255449278961057,-0.19000789675123095,-0.6275659001929362
110,32,0,0.5299263515376984,-0.8631084729243323,0.15093333203374903,0.09109041589232217,-0.08115404377314858,-0.38618454511382144,-0.3724407545791318,-0.7266287661360326
110,33,0,0.6299658595291642,-1.0447928337147718,-0.04205753094322279,0.0877348958787063,-0.013623883332238747,-0.4708225502631113,-0.26255717335457346,-0.680315195678215
110,34,0,0.8080274890532193,-0.8789670813279761,0.04770641920442555,-0.11613570258274546,-0.04358210483140641,-0.40141832775430253,-0.3139034122032357,-0.5839817421818911
110,35,0,0.8363974176509646,-0.8670364110831865,-0.04215448371812214,0.0189663366425631,-0.1403409234851496,-0.304786712234391,-0.17008567245866518,-0.6350502398344482
110,36,0,0.9437310800800226,-0.802893204645612,0.4597958027197125,-0.22711128165497785,0.1298532884836422,-0.37028890038093065,-0.14212147323462337,-0.6063788224173092
110,37,0,0.6872978382155869,-0.9965570630223836,-0.12605094323514726,-0.10597077998858803,-0.26342302398750556,-0.316539851350869,-0.1992064292917905,-0.7460209132657387
110,38,0,0.7510961592224527,-1.0542201352781588,0.02365324036049911,-0.4119940277546954,-0.043478739379920625,-0.5393703955569511,0.045706243292370746,-0.48826451796979287
110,39,0,0.938835345029218,-0.971322354083916,0.09526397477733595,-0.03553084980720536,-0.3150231019821544,-0.5660294938051083,0.005879464799216484,-0.4526064176441621
110,40,0,0.8054825780095151,-0.7677541003904361,-0.09570478210359018,-0.3098133494362815,0.02257362859229974,-0.44625254988435037,-0.12198841650068959,-0.27694094468678165
110,41,0,0.7784678318795998,-1.1624305356728377,0.1962577122574226,-0.2918729151076498,0.07440429862976249,-0.6032606674092349,-0.2240550158426547,-0.7530057637955611
110,42,0,1.0175240371359142,-0.8859299297545531,-0.04959590885795469,-0.48796438657804686,-0.023315025200246524,-0.27297750125216846,0.07998361604593691,-0.7923913597047667
110,43,0,0.7780342678303703,-0.9089207618533232,-0.11153739804920423,-0.17562145820433323,0.14443803222610713,-0.26009999575573817,0.014053722249975406,-0.5835887669509695
110,44,0,1.2006135606098418,-0.9228584156500973,0.17076835707688418,-0.3122844518887024,-0.12485933208800692,-0.5210945305979653,-0.09235739704767912,-0.7949883928011492
110,45,0,1.1074480321715394,-1.217708653433539,0.1313472011219417,-0.48292806177128483,0.13071689448466675,-0.5684650281079086,0.25508988697586976,-0.3001975767361055
110,46,0,0.8187036191742918,-1.0012558694875096,0.07119762317617177,-0.2816265670701966,-0.12572115910160506,-0.4008808352968709,-0.1821269543711406,-0.6866335562875127
110,47,0,1.3627996691387474,-1.039491938529662,0.2138233043629596,-0.5997485163371835,-0.23937764100354583,-0.24210905198655852,-0.12879460453160435,-0.7193975937580982
110,48,0,1.0130758293072946,-1.0820148600769743,0.2642129963349274,-0.5207631139129711,0.022139494577244304,-0.3097503317871705,0.24330130009023224,-0.39472866132030077
110,49,0,1.1856320024601856,-0.727335998420324,0.12431390166668556,-0.6080036935981821,-0.0048451341964334815,-0.3335151560656548,0.042012304292978406,-0.4635661716514861
110,50,0,1.0903235991043867,-1.2300393833639247,-0.07417460025786378,-0.5425716698388544,0.15718270431044679,-0.5445128936013016,-0.02598158144837987,-0.8019626662478151
110,51,0,0.9707355404081186,-1.1527859872181594,0.21485636537112984,-0.4559632862011695,0.45997047296730903,-0.5069084028256199,-0.2259884258164627,-0.8641762049395911
110,52,0,0.9978413502000245,-1.4059967218412708,-0.22752350148996262,-0.2553617134251229,0.20730153175712632,-0.33962120748912733,0.3100903443791502,-1.0333413881466396
110,53,0,1.2212547700403058,-1.2310398618806548,-0.17209167419202964,-0.6200246748954885,0.15380616838995798,-0.43215604804317514,-0.0918039828456653,-0.8887182456679933
110,54,0,1.1438362752786446,-1.0374800016838324,0.2893346977085211,-0.5403539723514817,0.07387155889455173,-0.5054274198377461,-0.00280158293198679,-0.6999447041643108
110,55,0,1.2621688679651317,-1.3687626985797223,0.4202525819546138,-0.40111040463059444,0.2654964893203732,-0.31523252117719186,0.3866506513281775,-0.6960688326437074
110,56,0,1.1341519080844658,-1.2828202723977338,-0.10779016322962437,-0.4732519638247796,0.5466243844845027,-0.391685871526068,0.04140500307136785,-0.7794244061083948
110,57,0,0.7944239602007349,-1.3323024246000292,0.11970269188747748,-0.3940201749086856,0.056610942440493334,-0.2771405606154981,0.07958373734931319,-0.8779513422723713
110,58,0,1.2839406108165126,-1.5055041684920898,0.2964799040483139,-0.32531713811905977,0.08154608778534628,-0.15147169319377507,0.062842556732919,-0.6098058894708166
110,59,0,0.8270009082633202,-1.5418506006639854,0.04195273583441503,-0.4857142467776649,0.5545364945736609,-0.4570943289133148,0.109330215013878,-1.1133298405128802
110,60,0,1.030143432590579,-1.661831739578535,0.11198004571401102,-0.6197804853060677,0.05444585329836504,-0.8096135323833736,0.23784741367296436,-0.7541910319848535
110,61,0,0.9495320376252283,-1.5800994914900903,0.2006368675257591,-0.7326319997201542,0.4273543750296864,-0.613079057017599,0.34030007377643834,-1.1406339639775622
110,62,1,0.9803014587028893,-1.2534762880475145,-0.123171643896003,-0.18182945026984657,0.1391744959934057,-0.7038225183174404,0.14199274657059346,-1.0648958211661184
110,63,1,0.9085198707591218,-1.3228071223490765,0.3462879153296396,-0.7691304198564322,0.5228938125601349,-0.4207469640477519,0.2374519153677993,-0.8769652511901643
110,64,1,1.1811561749607598,-1.6249507674406187,0.10549574021207,-0.7228032538341537,0.49107905709782296,-0.8625385109160019,-0.08493050418805431,-1.138842934855288
110,65,1,1.052654174866047,-1.5607707371686708,0.2531315624943119,-0.5689082950670472,0.7941477098286742,-0.4565523851082966,0.019729489047936116,-0.9270425903378132
110,66,1,0.8730902511408413,-1.2957012704491517,0.6839932674104471,-0.4177593924362868,0.3414749701756951,-0.6894009715436092,0.2547900944307516,-1.2828583550259745
110,67,1,1.4228151988992266,-1.704410487403922,0.3150401273594103,-0.8254915721393907,0.4638372252313088,-0.8576646884048527,0.19552861295338478,-0.6282712755142438
110,68,1,0.9476460024125679,-1.502634857316397,0.21983423846795216,-0.7115934076501259,0.5780797432250786,-0.6530592904509168,-0.01663315838064243,-1.3191314018468354
110,69,1,1.3406647221690557,-1.2905052545022866,0.7000212596529695,-0.25014698217026843,0.29136656070420885,-1.1557100682679209,-0.20253557000051736,-0.7847643094327962
110,70,1,0.9494565607105515,-1.7131050078492998,0.43608615726465727,-0.6742876637864419,0.7434147153869932,-0.5272497875966676,0.14550846706018594,-1.044459103574669
120,1,0,0.10824380831409497,0.2951440770974929,0.7334916232039742,0.25463874961381083,-0.1941026242275675,-0.8662499331415394,0.2674420297942202,0.4755118231699369
120,2,0,0.0022376745207625393,0.21634887678656795,0.6966302812291932,0.2580273348905004,-0.2373713747993697,-1.0360370526744327,0.2990561085962618,0.6973529208162155
120,3,0,0.24123200900459726,0.16455868263917497,0.75478462523409,0.26749111108595003,-0.16653593560842578,-0.9022240873161094,0.43401897126913136,0.557181170383203
120,4,0,0.1296529741958888,0.1929430993020406,0.5838180788094565,0.19904517526600696,-0.24008328262870288,-0.819374062134027,0.32114256854599205,0.6455015940546055
120,5,0,0.1881873078382003,0.11360825311277231,0.6834010625641472,0.03333781063618177,-0.23207205246902698,-0.8880483621955657,0.40488230049373153,0.34406982863246804
120,6,0,0.16482637114136192,0.10885290773900906,0.6397491526412659,0.2589654175954966,-0.11514251622163163,-0.8270900120175486,0.49180953857072995,0.6455995616537142
120,7,0,0.2585518608324245,0.13729619072710156,0.5958336963120782,0.11753664730422758,-0.06420571659242127,-0.9286412710179196,0.44637465612273886,0.41336768130164764
120,8,0,0.1656738809103523,0.11811977109977262,0.7296925656853209,0.15095022460545654,0.0635561708117589,-0.8372249220914737,0.4257805153791737,0.49319178488975446
120,9,0,0.47312465493750105,0.014417499016105595,0.4925182575950708,0.2826771061996345,-0.02009567582701173,-0.915888435391657,0.5171507887597193,0.49320755166923286
120,10,0,0.14761574887205725,0.09311104060028574,0.8364836736837092,0.0945375110375308,-0.14166816089655812,-0.9515205892965656,0.6102730380349126,0.3754319616016355
120,11,0,0.28950838426983566,0.13403523936380946,0.7443804032785898,0.20867892197568003,0.1023424408287673,-0.9224518221273265,0.4408269086134376,0.5404798984170115
120,12,0,0.4502214481873996,-0.01294998440806041,0.8108811751314337,0.041240030606831686,-0.013506696296995795,-1.071746583006209,0.6127724567599802,0.3335662165926794
120,13,0,0.2415135158219663,-0.23279002303213897,0.7902154879678785,0.13088195207666226,-0.017333210731981907,-0.7348845766364561,0.5905037198749177,0.3430087454553379
120,14,0,0.24988164164080884,-0.015040481439948496,0.8604191463194802,-0.01198709545763002,0.09741034044928412,-0.983861723843033,0.5834128821692177,0.16348187642725215
120,15,0,0.29230170838019365,-0.1747594867584433,0.574117970611945,0.14113505775938545,0.10967451962710553,-0.9747869072548165,0.6812975248965557,0.393203463007789
120,16,0,0.29567898163045997,-0.17525511497640822,0.9257381438906434,0.0005907684847965416,0.1128664213925871,-0.8797087197422438,0.6292751193903391,0.28718860992188955
120,17,0,0.30183658554600645,-0.10849191128075245,0.6974600696774514,-0.03843995215186997,0.3263307128038408,-1.0320130427062137,0.661250526571856,0.1712787337624376
120,18,0,0.32451313679498955,-0.3397970687256584,0.9406980255405268,0.22382354805642535,0.2015330642573579,-0.8782179153045115,0.793361711374297,0.13684974311329207
120,19,0,0.368715038345569,-0.31889303259777396,0.8003699221797518,0.03699393777563992,0.16704113241827018,-1.0910595689933413,0.6558454956858663,0.3641295207845104
120,20,0,0.4044414033070348,-0.2313558567150262,0.7211744673037807,0.04251440104414976,0.3077526260308005,-1.1126953476194388,0.6852396867364748,0.20303619584368318
120,21,0,0.30644404442823775,-0.31898439790691124,0.874149591312763,-0.11088661037617425,0.27929052882415606,-1.2605629493419384,0.858576841328179,0.12439137539504698
120,22,0,0.18763882650341468,-0.4870911077774151,1.0030674811610503,-0.09687692964513861,0.438261987874481,-1.1744364362537663,0.4960870968995938,0.1983316737276192
120,23,0,0.3389476960668265,-0.22636119655775935,0.7687432099237232,-0.14705510469766894,0.2314774224090982,-0.9395183265067516,0.7102673801386785,0.042494871801927056
120,24,0,0.3409825069854292,-0.3675898429644106,1.015942548334078,0.06643435679977144,0.4216981615546434,-1.199112149204056,0.6438283263972888,-0.01340616133959914
120,25,0,0.22736883240419975,-0.1345110642339042,0.859395215753709,0.12426566215054159,0.5284860871880293,-1.108542971243317,0.673579954428897,0.19613439061534998
120,26,0,0.3087494313184968,-0.5109888842651413,1.10432398199312,-0.024922521434955207,0.5988259785429203,-1.0295483639710297,0.5218934769584119,0.07971364078821573
120,27,0,0.4807403687156561,-0.3657357631428236,1.2405339584523851,0.04141099877492602,0.4419051692419752,-1.1510961587975255,0.6113637355769183,0.17892353451830095
120,28,0,0.49262829712255074,-0.22501060889985408,1.142339825961828,-0.10551490876439795,0.5190304072860499,-1.1439899657927406,0.5438689805348504,-0.06050079242001792
120,29,0,0.29180286422535845,-0.09526884611906282,1.0092068997639847,-0.06772714095280778,0.30222494053749194,-1.202668938879352,0.6879485529262594,-0.1884882005703791
120,30,0,0.3134337607073229,-0.33863410399751626,0.9515036892320832,0.13725211914575394,0.0781790982630513,-1.0584842993743253,0.5137900554817257,0.18849005476371708
120,31,0,0.3929161471592119,-0.45339153946284116,1.253589540332334,-0.04810369994576599,0.20650148219857897,-1.1063622188835103,0.5591071565326887,0.19997930573252784
120,32,0,0.34894026299948144,-0.22628457515551664,1.2365978599637182,-0.33789999827421563,0.1857455648277369,-1.2063405425832816,0.826570773588112,0.05577751955180143
120,33,0,0.3542027630954089,-0.4043322711914105,1.0234176420844467,0.10625969304966823,0.40207709083093385,-1.2842384701248026,0.8728024452349605,-0.14242106066345356
120,34,0,0.6391710170147868,-0.14979113593527804,1.3671162254333757,-0.07360937771362425,0.39243760297634117,-1.424938605863736,0.5310452909380164,0.10569002361554376
120,35,0,0.5944944581175692,-0.23633454443606566,1.2214665635228925,-0.26337243699396706,0.3249634715411911,-1.4698564917461858,0.5755462050625908,-0.15123498693552648
120,36,0,0.4558051095862631,-0.4296356149143863,1.2670536657934173,-0.22741979943915963,0.2966563706078137,-1.3440417166548684,0.8049421905380436,-0.01894639783030637
120,37,0,0.5425983724267041,-0.37181186989126813,1.5170362116037195,-0.26807311947069806,0.5000944162368312,-1.3352963994361406,0.8912541218444218,0.29152288825001094
120,38,0,0.657384600057441,-0.5046581582773195,1.0964192626312823,-0.2363343013981699,0.39942005191091623,-1.4619510672279064,0.7655079390884193,-0.16409336590254273
120,39,0,0.8502792161387225,-0.6970678011372172,1.2956853721749992,-0.4469295621161026,0.520082350377306,-1.3298440816017534,0.6538394105460821,-0.09523513260419904
120,40,0,0.46012433316500884,-0.0653340217443335,1.0505809247717772,-0.04376624979170148,0.5645437217550167,-1.40112987803576,1.052318510236849,0.2520693756769252
120,41,0,0.606878151599401,-0.23283852698536725,1.4568139546461387,-0.5057342361281476,0.4190121091273273,-1.2933855749421888,0.705222057204419,0.2367830996457014
120,42,0,0.9429812542440422,-0.6193327419633005,1.2322247151345238,-0.3616957156320406,0.11296029866895033,-1.3346791277638392,0.75050905986565,0.1865421827052283
120,43,0,1.1469209989205273,-0.47629703669924944,1.2734699154550189,-0.5236774982913319,0.4171118196213575,-1.3959933246879526,0.9046592145296999,-0.06289910666929112
120,44,0,0.8051201622166576,-0.21742193588234407,1.1984482516755375,-0.5761440955779227,0.7344766075667593,-1.8176707007046111,0.9522649411969162,0.06867975220822083
120,45,0,0.8811369652837988,-0.6040006472019489,1.2421510742598936,-0.3049122377678565,0.19140870970165108,-1.625871650844295,1.1642856328217384,0.04038262729632608
120,46,0,0.7139420920646918,-0.4311959963119832,1.0264725442163503,-0.7511432781898276,0.26522432684314134,-1.5248666581947279,0.8479577935431862,-0.028633692596256817
120,47,0,0.5063879034722585,-0.3579927305722671,1.0872404960842783,-0.17289952150943677,0.17663652395815105,-1.399783761447465,1.1015776460420423,-0.10732989084017273
120,48,0,0.5652585128953078,-0.268391662286528,1.3293115384846224,-0.3494851557358622,0.6701184182837984,-1.8208563889382434,1.0762135464595015,0.05371045220265004
120,49,0,0.6578829700306843,-0.6428588942752917,1.1170654288122894,-0.18929733111617356,0.821693186328568,-1.3984489306082197,1.228489778541548,-0.17125606740679764
120,50,1,1.2360805056147928,-0.7594452431288381,1.5594842525244426,-0.505759762140122,0.783236741860732,-1.3504383627123697,1.191715319729811,-0.38742453908025953
120,51,1,1.0368304452451738,-0.653401527458633,1.0313252819722234,-0.4789310859510729,1.0210074219726208,-1.6383470660013084,1.1235637846715274,-0.06884290879388583
120,52,1,0.7941314069238801,-0.44237031239112956,1.429824038901914,-0.49817049471861186,0.9460504926760576,-1.3397596609113576,1.2774174279091346,-0.4305783627205388
120,53,1,1.185091099026823,-0.6502760370589971,1.2094337135929063,-0.5202180389927029,0.9428575436308093,-1.3989513410910175,1.6426971364493341,0.08431564316284854
120,54,1,0.9641868189452335,-0.6652941595282894,1.2459515023614305,-0.551922456288924,0.7365765930878387,-1.8230979272144363,1.15039813707772,-0.47412303219887175
120,55,1,1.0309445905051324,-0.43772927706151843,1.3972055588062324,-0.8551768150932412,0.9031399050536068,-1.5620114367382518,0.9936469304580167,-0.4517491590200668
120,56,1,1.1261832769923013,-0.9875115650570632,1.023030010625819,-0.5467833345724434,0.46293767607715364,-1.3751316431639253,1.4429136087167649,-0.3028507800929354
120,57,1,1.250201110908997,-1.2408020468591694,1.2884570801440436,-0.48691801638974236,0.7914609871253545,-1.200225476570123,1.0029707772560887,-0.2677339613127092
120,58,1,1.2382139596634576,-0.6416668598947658,1.2059415123971828,-0.5248488638421442,0.6136946273988075,-1.760725417230737,1.1993885465077754,-0.5947978843090463
120,59,1,0.5232907958409154,-0.9107096024993349,1.1017279666303792,-0.5360802771713475,0.8830378484603313,-1.854238710499463,0.9517406293072684,-0.7259429028538558
120,60,1,0.8758098256202554,-1.1016986384248393,1.4134889026174535,-0.5499721535973792,1.078439213489917,-1.541261262096189,1.0009039248744764,-0.2542056902269507
120,61,1,0.6250440267248177,-0.9715366970279768,1.297971662706706,-0.4902510935409261,0.5801687543735142,-1.8291590346841615,0.8555696574534295,-0.05122246010749397
120,62,1,0.7060509723092697,-0.846047736140735,1.4948269579523992,-0.3726748375550967,1.0622439661863505,-1.8088633483960217,0.7676776124472541,-0.35098286938543677
120,63,1,0.899523305252854,-1.0365165397152059,1.7300011430213167,-0.5830502870186877,0.9039469052009577,-2.065476490136382,0.6792729377757568,-0.39470103842854365
120,64,1,0.5803985068215032,-0.7102114943328829,1.2602655026728786,-0.7638766229146846,0.712104530489988,-1.6173962879481918,0.9355761022989009,-0.38739629318488367
120,65,1,0.5071343055323855,-1.1813189049568016,1.4061195449697146,-0.8611471620449924,0.9389951120868101,-1.6861368371108163,1.2943763338082066,-0.14895045917624744
120,66,1,0.5275246059276953,-0.8003920323507245,1.1329311933679496,-0.23694552340419217,0.5281723786519334,-1.6454206046683975,0.9221105625805575,-0.828275210687726
120,67,1,0.4964857262931242,-0.5539034246750817,1.0593924549372535,-0.0435492534863322,0.6895548879223458,-1.7947075393615284,0.753312736555816,-0.38548574310949135
120,68,1,0.9669233366192771,-0.8689765872803643,1.5465207903008156,-0.6418022440407563,0.5132259389393505,-1.6121567133410544,1.1722531393687132,-0.11302391615820032
120,69,1,0.48030928300796644,-0.8312112169892123,1.130351700747127,-0.14616669160094145,0.8884727717577793,-1.3991810938848106,1.2974764484616177,-0.5893118735753005
120,70,1,1.1330592154931614,-0.7806162146721357,1.1871620862192105,-0.21287759727964187,0.9098767750838782,-1.3902430478349388,1.0348730399692785,0.003607406049957032
